N,P,K,temperature,humidity,ph,rainfall,label
111.62,22.72,59.89,29.464655,93.925074,6.375088,25.392108,muskmelon
103.14,22.48,46.08,24.046485,92.541881,6.200232,52.605093,watermelon
45.75,58.95,54.03,35.420852,94.477678,7.881026,150.545164,papaya
42.26,66.36,59.31,34.773256,93.79321,6.573171,171.41775,papaya
19.9,123.88,220.21,13.665857,93.629281,6.183571,116.586579,apple
2.09,17.78,26.76,36.526223,55.260773,5.569015,88.019308,mango
3.7,111.94,196.6,10.793018,91.750062,6.897175,124.829231,apple
34.7,70.33,29.88,32.297972,60.634867,6.413282,61.907973,mothbeans
28.96,30.98,25.56,34.901456,84.911504,6.411358,54.405796,mungbean
35.83,56.24,29.28,21.901937,70.020526,7.414061,41.422589,lentil
13.03,70.64,15.61,31.818167,63.018067,6.576312,65.861559,blackgram
19.28,8.78,35.21,27.483161,95.162285,7.330178,151.777632,coconut
14.48,38.87,35.22,30.087358,87.330179,5.536014,175.855419,pomegranate
72.83,58.06,41.67,24.922611,88.943363,7.453352,171.959914,jute
6.9,17.86,27.33,34.306887,90.766765,5.625131,143.878278,coconut
4.59,23.58,38.82,22.653767,95.387407,6.376357,169.033126,pomegranate
7.78,105.57,217.48,9.261967,92.638172,6.878182,119.790181,apple
84.78,43.66,22.79,25.542715,71.396177,6.289091,109.833861,maize
69.5,78.01,59.86,35.926722,93.052373,6.836683,173.757671,papaya
114.77,34.2,55.16,29.23015,94.922464,6.132107,20.265699,muskmelon
106.71,28.82,42.11,27.672106,67.690783,6.055556,195.198379,coffee
75.75,52.42,49.78,33.486044,96.992783,8.328779,160.467963,papaya
17.22,5.39,18.48,17.918587,90.530762,7.085417,123.12825,orange
70.25,55.13,59.15,34.86974,93.422833,6.855966,166.382474,papaya
38.89,86.12,96.88,19.657304,15.860482,5.923544,63.600056,chickpea
75.27,48.11,52.95,27.800667,90.129381,6.968569,187.191607,jute
22.7,37.42,25.18,25.711688,93.710735,7.02679,35.451887,mungbean
2.53,15.19,9.6,10.917268,94.230124,6.75255,102.31299,orange
20.94,95.82,28.17,33.125078,55.317978,5.503421,150.59755,pigeonpeas
65.76,30.42,36.89,20.922756,86.776587,5.682749,225.94949,rice
4.09,24.99,43.04,23.265611,92.947817,5.677734,169.309778,pomegranate
19.93,77.03,24.34,29.657513,58.37711,5.263765,67.135191,mothbeans
79.39,41.71,54.45,23.374099,77.073544,6.415401,188.872162,jute
5.84,70.39,16.7,20.884339,64.673986,6.952246,43.012481,lentil
88.57,38.78,43.41,27.490301,89.76631,7.394189,194.091667,jute
22.03,58.7,29.57,31.216684,70.06382,6.682189,71.514456,blackgram
79.31,36.66,59.8,23.56829,79.33908,6.689948,159.759203,jute
1.84,64.09,88.46,17.147502,18.830964,6.788019,84.416164,chickpea
13.84,68.71,66.79,23.372574,16.867742,5.807063,69.85409,chickpea
30.68,90.32,19.63,26.36318,17.849074,6.991404,146.205443,kidneybeans
65.84,53.37,60.25,38.259497,94.57468,6.860455,155.312153,papaya
37.54,41.01,29.28,33.993687,53.520306,6.503394,99.026084,mango
25.53,60.35,20.94,25.400313,73.769138,6.610329,73.125741,blackgram
78.59,51.04,13.29,20.083793,70.029816,5.678366,64.299118,maize
4.45,35.3,16.16,33.746354,93.329381,6.069842,52.802153,mungbean
78.04,57.04,16.93,24.587534,66.08798,5.981073,77.28654,maize
24.92,73.9,20.76,34.312433,47.984555,6.994138,137.912506,pigeonpeas
4.73,27.32,34.06,32.077397,95.790149,5.83306,129.527794,coconut
80.13,19.42,51.75,31.136249,95.498888,6.047368,23.889487,muskmelon
66.51,63.19,22.83,20.542635,73.375874,6.181686,90.171223,maize
35.21,79.23,21.65,28.445049,71.299644,6.814311,70.292186,blackgram
91.09,37.13,36.94,27.096093,67.47028,6.085795,189.486229,coffee
6.06,114.37,196.13,11.208101,93.522056,6.67584,66.889554,grapes
2.35,59.66,27.6,34.203624,83.221222,7.40958,32.0286,mungbean
117.97,31.28,43.88,26.523902,57.057748,6.741307,185.322088,coffee
14.94,97.21,22.58,20.113561,17.951751,6.007458,148.943838,kidneybeans
106.74,49.42,21.21,26.663657,83.905778,6.186041,68.622555,cotton
2.74,101.36,196.14,14.065964,95.714028,6.284614,129.063418,apple
88.88,77.87,52.48,31.058489,86.729179,6.046864,127.558259,banana
3.95,53.09,22.21,29.422824,62.064522,6.006674,67.718978,blackgram
86.49,49.11,51.56,27.669816,90.310054,6.049049,56.515395,watermelon
14.34,21.58,25.71,27.655651,91.447367,6.112426,196.244297,coconut
4.01,80.54,15.97,17.548481,73.332247,7.30045,56.446896,lentil
4.05,23.66,8.0,12.630106,92.147569,7.268987,121.962517,orange
60.51,63.1,42.59,34.823599,92.805461,7.602909,172.852309,papaya
26.43,74.43,26.22,29.578974,53.288545,6.050566,131.772233,pigeonpeas
12.34,18.3,19.28,19.95378,95.861772,7.207944,110.981583,orange
99.9,51.03,47.86,22.746584,89.152988,6.245375,170.155037,rice
82.96,12.53,52.22,33.275967,95.338333,6.334708,22.751171,muskmelon
20.72,70.14,17.36,25.118091,49.95894,6.82804,179.726219,pigeonpeas
82.27,27.63,60.36,31.108939,92.670911,6.629604,20.554809,muskmelon
18.68,17.6,41.77,27.835876,94.437445,6.669765,193.933287,coconut
67.61,44.42,63.09,25.990866,85.775215,7.373564,193.709929,jute
82.15,70.05,55.57,25.736119,89.648145,5.508252,133.088978,banana
21.22,76.85,23.59,31.084167,70.224163,6.183613,86.997084,blackgram
79.91,82.76,47.49,38.9748,90.582036,8.242559,158.05975,papaya
89.21,101.22,60.43,28.82939,77.585466,5.666363,95.227759,banana
131.53,57.52,23.33,29.817968,81.29101,6.454518,71.686894,cotton
82.8,21.17,53.94,30.936883,87.691454,6.763033,45.251354,watermelon
9.18,18.34,10.0,12.517006,90.981447,7.059217,105.048481,orange
87.98,40.42,28.29,31.314894,55.403637,6.522252,157.624785,coffee
15.86,87.81,62.04,22.997646,16.833739,7.233218,89.842719,chickpea
93.68,31.67,38.42,22.33891,81.729944,5.97084,261.403885,rice
37.97,52.96,23.46,26.831263,56.921802,5.134648,51.118848,mothbeans
11.22,9.4,6.57,12.223289,92.440962,6.021081,120.773675,orange
35.82,19.82,28.44,36.010086,52.269254,5.43223,102.14627,mango
113.71,36.43,26.09,28.959722,58.47752,6.015367,182.871522,coffee
1.57,79.48,27.74,34.21823,51.076359,3.998603,59.899458,mothbeans
2.92,52.2,21.77,27.451003,74.440408,7.366479,76.18973,blackgram
8.16,14.19,38.42,24.267204,88.60886,5.930043,111.234512,pomegranate
69.65,49.67,12.33,26.743144,60.664939,6.342234,99.598721,maize
34.08,74.55,23.3,27.784409,55.307618,4.523637,63.973223,mothbeans
102.43,59.19,24.27,23.829074,80.295239,7.985703,85.578577,cotton
43.5,69.58,42.32,37.637121,95.083525,7.74066,155.689367,papaya
37.08,58.37,16.65,31.919571,57.959268,5.137655,183.442275,pigeonpeas
27.81,76.4,17.72,28.321436,57.353901,4.968805,45.244568,mothbeans
26.29,86.01,24.62,25.112188,22.622846,6.306261,136.371786,kidneybeans
89.94,40.08,37.21,28.310448,66.557743,6.383294,165.731627,coffee
20.99,68.45,17.97,33.957308,62.851437,7.326772,90.519611,blackgram
7.31,85.34,21.67,21.72619,65.405728,6.788741,36.087593,lentil
18.58,9.1,28.67,30.960277,91.889129,5.554814,127.574831,coconut
88.08,49.44,49.57,22.213499,87.874322,6.323717,214.712729,rice
15.96,5.83,7.46,13.426104,91.790593,6.57483,128.556049,orange
83.55,33.19,51.96,30.43107,91.535146,6.948582,21.188166,muskmelon
113.35,29.85,49.12,30.443792,86.817756,6.771925,51.111521,watermelon
1.31,63.97,17.89,21.407588,20.46651,6.008512,119.675433,kidneybeans
87.22,34.89,58.19,29.614678,85.756221,6.576198,52.867715,watermelon
100.35,98.08,62.74,30.769745,76.744907,5.503868,119.815292,banana
39.47,65.01,27.22,26.686449,50.672023,5.836555,132.440566,pigeonpeas
33.44,51.19,22.79,25.292277,61.15376,4.112517,43.070868,mothbeans
109.73,106.06,56.97,30.285744,88.352438,6.181693,138.694242,banana
81.74,58.33,60.13,24.325641,87.321963,6.835666,161.365863,jute
119.32,50.2,16.21,27.270246,80.553227,7.863859,72.369504,cotton
10.37,33.91,50.96,31.289203,89.305236,7.227719,174.204975,pomegranate
0.03,81.93,20.31,26.237873,48.722775,5.663499,107.023337,pigeonpeas
0.87,70.61,73.79,20.370241,15.103161,7.065641,97.69617,chickpea
65.53,67.56,10.14,19.88322,55.62567,5.665944,91.007464,maize
10.02,29.91,36.33,29.114958,96.508547,5.667493,134.360059,coconut
15.73,14.45,34.48,31.529497,86.644552,6.43889,173.164809,pomegranate
80.33,42.12,44.23,20.834523,81.340946,5.917113,195.705691,rice
31.82,81.53,26.61,28.927101,45.657353,5.232199,103.87226,pigeonpeas
11.39,128.74,218.93,18.147105,91.228711,5.921467,79.535235,grapes
33.23,54.77,29.7,27.255235,66.325328,6.837846,64.811429,blackgram
9.46,11.11,31.99,25.0626,92.457619,5.357514,130.270758,coconut
33.96,68.9,80.39,19.497714,24.664044,6.966249,74.759542,chickpea
7.04,55.78,17.18,30.70193,66.655044,6.374336,77.176935,blackgram
13.14,25.96,42.43,26.600594,95.201287,5.404123,149.897201,coconut
95.84,43.01,13.97,26.464785,58.589841,6.120352,82.492965,maize
101.28,72.19,47.25,25.071711,88.263151,6.506921,107.899786,banana
16.63,63.56,15.93,33.0434,50.466329,6.315911,56.031353,mothbeans
97.97,92.83,60.96,34.317145,81.261237,6.576899,101.807951,banana
34.56,86.17,22.8,21.314091,17.453418,5.714511,111.581511,kidneybeans
8.06,17.49,40.92,34.406573,90.601302,6.438979,174.627381,pomegranate
29.79,82.82,89.97,19.302839,15.296283,5.976677,80.114997,chickpea
8.13,29.19,41.9,26.49668,94.296273,7.375593,181.440827,coconut
11.55,11.49,18.13,10.108161,91.59208,6.605599,117.584715,orange
4.17,73.67,16.86,29.104415,56.138674,6.861422,103.622233,pigeonpeas
106.39,105.16,54.54,30.313215,81.786711,5.608887,137.224208,banana
116.56,81.73,47.41,29.399976,79.436473,6.8258,92.198097,banana
2.94,136.81,199.15,14.934397,93.942849,5.848949,114.880143,apple
10.51,99.3,18.13,19.78306,22.162766,6.246997,134.826298,kidneybeans
118.22,17.98,48.7,36.903347,96.242019,6.499019,21.257864,muskmelon
5.1,34.98,23.53,27.342956,90.762565,7.424453,52.981002,mungbean
8.27,52.5,17.67,24.221589,49.519162,5.831348,58.887562,mothbeans
9.83,24.54,39.46,34.937053,93.065674,6.282652,142.540445,coconut
69.81,61.31,22.77,26.745751,61.786443,6.296276,72.42032,maize
1.7,100.78,217.37,8.240647,95.478985,5.744183,112.222695,apple
13.85,27.78,25.68,31.276794,91.527171,6.422413,153.91849,coconut
6.53,78.17,20.52,23.635434,25.209848,5.72649,154.80602,kidneybeans
20.5,53.48,24.93,30.937112,62.037953,6.864412,60.420513,mothbeans
34.27,41.56,25.5,25.073481,86.264373,6.923275,33.892716,mungbean
38.54,86.32,23.58,20.010246,68.710165,7.315931,55.83712,lentil
103.13,29.65,52.95,30.734117,81.869107,6.162533,46.062327,watermelon
20.26,35.94,21.7,30.430667,85.207993,6.918668,32.104803,mungbean
24.86,75.6,15.3,27.495482,47.369705,5.433588,127.457024,pigeonpeas
12.72,70.58,23.78,30.964325,51.293998,5.660636,169.404501,pigeonpeas
13.16,77.3,20.34,30.605995,54.612183,6.355886,166.696216,pigeonpeas
3.73,82.81,15.51,24.931683,24.193006,6.403615,151.411624,kidneybeans
71.12,46.06,12.79,23.220123,64.368333,5.88916,62.258656,maize
76.16,58.41,57.31,27.258114,89.787807,7.420638,174.912978,jute
9.93,68.26,75.76,23.48242,18.156214,6.560882,83.740624,chickpea
16.16,127.73,204.99,12.033535,93.185018,5.841679,114.175023,apple
11.84,15.97,16.36,17.398578,90.960248,7.188949,102.35671,orange
107.0,42.41,18.22,25.327122,82.603676,6.081889,65.895535,cotton
91.97,44.76,47.99,26.518654,81.197336,5.675655,163.156352,rice
11.29,12.78,25.07,34.973081,91.68042,7.919306,172.242626,coconut
0.49,122.49,195.35,8.812252,88.97766,6.665383,60.721211,grapes
32.75,68.22,16.78,21.553387,62.346432,6.560958,44.960035,lentil
112.71,19.59,45.26,30.924496,92.672747,6.55285,44.223538,watermelon
4.45,110.01,211.0,15.847614,85.813776,6.334959,79.402316,grapes
13.2,129.22,204.94,14.97845,88.04508,5.575892,65.979155,grapes
26.65,56.11,28.7,32.53158,69.866345,6.976416,96.174308,blackgram
1.97,39.31,30.37,29.355733,93.717627,6.163788,159.856979,pomegranate
14.31,69.14,65.9,19.187438,17.391665,5.754552,82.009588,chickpea
12.5,19.75,30.4,30.847067,95.532501,6.050033,139.385418,coconut
76.2,64.27,24.62,18.807353,68.033389,6.807114,91.711722,maize
6.32,83.71,16.27,24.73181,68.827707,7.01774,55.420519,lentil
0.71,115.76,215.16,10.23134,91.804702,6.573511,60.07887,grapes
91.82,29.75,45.58,26.782867,85.610053,6.593806,49.41691,watermelon
98.56,38.79,48.64,23.794879,78.003816,7.451709,178.606139,jute
101.69,26.05,39.26,31.547978,68.035714,6.57643,173.813164,coffee
97.62,24.66,29.3,29.183016,66.15808,6.685268,167.428104,coffee
39.82,50.79,23.36,24.759079,24.440973,6.317807,137.194959,kidneybeans
86.28,53.78,43.34,27.655534,84.430696,6.400503,199.384999,jute
27.37,42.43,17.3,27.644045,57.721491,5.036623,62.025852,mothbeans
28.94,93.47,24.43,23.511954,23.791133,6.763683,152.143227,kidneybeans
108.75,73.43,48.17,26.327271,88.987201,6.870314,137.844736,banana
34.15,57.67,23.74,20.567808,23.652551,5.858178,140.284211,kidneybeans
5.39,21.35,27.96,29.954196,90.018405,5.58076,170.538729,coconut
58.52,66.58,42.59,36.262427,92.779338,6.861245,160.573812,papaya
52.92,72.59,49.54,34.689082,94.09943,8.001662,166.358749,papaya
22.03,60.82,19.76,31.539731,87.777765,6.754738,32.701651,mungbean
5.5,35.94,28.26,36.493631,54.833327,5.077152,88.352757,mango
2.29,18.15,34.0,31.250227,86.161653,7.231988,122.11145,pomegranate
85.4,14.37,45.13,32.18351,94.720931,6.992818,55.683945,watermelon
27.87,92.95,16.83,26.33564,17.234157,6.7543,104.604426,kidneybeans
82.51,40.8,21.15,26.521453,64.92835,6.198636,60.273655,maize
14.32,100.92,218.92,7.404279,96.557178,6.06664,107.895208,apple
27.41,53.32,16.59,32.399436,60.828033,7.214654,91.84595,blackgram
9.48,83.19,81.83,23.083373,19.198116,6.498388,84.788776,chickpea
0.47,135.48,221.83,22.967298,92.345253,6.988325,71.728039,grapes
15.67,131.79,216.32,12.160382,85.903932,5.679626,64.777819,grapes
110.77,91.49,50.1,28.213055,82.730465,6.313124,90.820719,banana
131.88,41.64,16.69,25.672487,78.3338,6.370946,88.618348,cotton
63.8,51.77,32.53,26.551579,81.374079,6.93832,270.132626,rice
7.58,22.82,38.42,23.112877,92.851901,7.246062,190.559265,pomegranate
14.85,32.09,26.14,26.506528,85.08424,7.16285,46.041502,mungbean
97.05,78.46,62.71,28.611733,84.869534,6.083571,144.103885,banana
82.3,44.52,61.43,26.212203,89.40435,6.978172,186.064434,jute
23.69,45.17,17.8,26.381047,84.842327,6.044748,39.243809,mungbean
60.5,63.88,17.8,22.079614,56.881439,6.834485,79.750362,maize
6.99,58.78,78.56,24.540547,22.07561,5.930487,94.382445,chickpea
39.79,69.45,79.12,20.374129,14.735083,6.685913,69.118711,chickpea
22.85,89.76,61.55,18.663985,19.708061,7.119881,63.56168,chickpea
8.09,124.8,221.02,13.69273,92.800617,6.412092,108.376078,apple
83.53,50.58,30.37,23.180226,88.253995,5.943039,218.782212,rice
23.81,99.56,18.86,19.705421,18.115333,6.332883,135.786706,kidneybeans
72.9,84.41,54.04,37.705145,94.883787,7.556498,154.618836,papaya
113.93,40.86,38.41,28.950094,67.878701,6.869626,191.102355,coffee
4.51,68.78,28.12,28.625189,62.527391,6.600037,91.438673,blackgram
36.1,91.45,24.47,23.58132,22.752914,6.535743,100.988932,kidneybeans
18.23,34.45,36.56,30.175549,48.795962,6.969677,88.274094,mango
10.68,26.14,33.45,34.475337,58.885459,5.3036,98.900004,mango
13.38,10.9,27.29,26.312375,92.189601,7.975361,132.580826,coconut
70.99,59.06,63.52,35.89206,90.726961,6.98061,142.587933,papaya
17.4,120.87,213.92,14.431787,92.094315,6.641799,100.682924,apple
34.47,75.69,87.62,24.863897,18.530278,6.306709,96.933879,chickpea
5.15,39.21,40.02,23.272573,85.61507,6.772344,198.337985,pomegranate
14.21,63.95,88.67,20.732074,17.974288,7.205245,82.878025,chickpea
112.36,36.06,60.39,32.212486,93.420931,6.701662,25.684267,muskmelon
4.98,119.33,218.03,11.942424,90.233634,5.953431,112.685529,apple
85.51,30.74,63.42,28.084809,90.393005,6.417045,26.759659,muskmelon
95.84,35.04,64.46,34.618121,90.113366,6.705008,22.508648,muskmelon
38.93,35.03,37.14,29.371039,45.943811,6.629837,102.959243,mango
6.19,17.19,32.83,27.523023,50.919858,4.845976,109.221112,mango
134.63,58.49,19.26,24.348508,79.203295,6.912333,75.587081,cotton
2.09,22.19,31.37,33.666041,96.43325,7.547155,145.78814,coconut
0.91,33.71,40.59,24.45538,88.824392,7.014746,146.524734,pomegranate
70.66,34.19,44.34,22.918226,82.325699,6.051268,204.958867,rice
116.48,31.35,53.97,31.85861,90.324927,6.909521,24.961761,muskmelon
87.54,20.95,30.71,25.550028,69.702258,6.122857,164.038293,coffee
72.51,66.2,55.17,41.042293,95.959299,8.340047,149.414126,papaya
18.13,53.59,17.71,31.8771,52.71385,6.481537,47.229315,mothbeans
99.29,58.22,16.37,21.699844,63.352386,5.677599,99.737528,maize
12.19,36.29,42.64,33.463162,48.495588,5.860273,110.237497,mango
114.75,36.42,45.72,37.704329,90.976548,6.232562,29.749673,muskmelon
25.3,62.18,25.1,27.706107,50.45672,5.32436,133.237714,pigeonpeas
10.93,48.73,23.93,34.192221,86.507272,7.312535,34.902879,mungbean
90.41,31.67,26.94,31.387546,65.130872,6.622875,187.971014,coffee
13.01,117.64,214.89,21.875286,84.549498,6.989245,78.172387,grapes
2.92,11.16,43.65,31.306288,90.266343,5.232032,182.835245,coconut
138.8,44.47,17.41,25.824146,78.013385,7.347754,79.034003,cotton
2.58,66.43,18.45,34.853646,59.121972,6.235572,100.498497,pigeonpeas
72.68,31.08,42.55,23.318929,82.255929,6.358687,234.865785,rice
13.73,108.71,214.8,4.669965,96.990718,6.597651,117.712345,apple
2.48,37.79,30.35,29.426008,95.422212,6.220106,152.709809,pomegranate
88.2,42.29,39.76,26.464296,69.686912,6.546442,162.446248,coffee
10.12,81.03,90.87,20.026544,23.186384,5.92615,60.172231,chickpea
118.1,55.78,19.46,26.081697,76.5724,6.249958,78.344902,cotton
70.95,50.03,55.31,23.84245,91.316134,6.467205,154.665365,jute
14.92,16.77,44.16,36.945983,50.468203,6.85967,86.709052,mango
112.35,99.77,62.12,34.545249,77.896248,5.748189,125.18111,banana
52.94,77.14,62.15,39.901897,94.399333,6.805151,142.555094,papaya
13.34,127.57,220.36,2.591023,95.598513,6.175182,112.859317,apple
5.13,81.23,97.54,22.827,18.85345,7.253356,81.098305,chickpea
73.01,57.27,45.89,25.196226,85.907448,6.480159,194.907494,rice
11.72,95.02,26.43,31.981902,50.572121,6.417889,194.814768,pigeonpeas
0.8,56.74,25.76,34.060592,58.406181,5.12269,69.233261,mothbeans
2.46,47.95,18.04,31.992708,86.280314,6.674031,33.404548,mungbean
65.78,43.08,64.54,27.898075,81.459448,6.361573,161.475904,jute
11.95,11.64,30.13,21.808696,86.407363,6.015305,190.695522,pomegranate
4.88,139.02,198.65,15.063542,85.518842,6.847093,69.104715,grapes
38.05,57.53,19.3,25.430275,55.019346,4.270169,68.066526,mothbeans
82.97,63.0,54.67,23.155204,82.61461,7.190185,163.028123,jute
63.99,46.13,21.15,18.231401,74.584493,6.065717,95.965627,maize
17.49,6.23,36.17,31.36775,96.526737,6.965431,128.242616,coconut
75.14,42.84,12.49,25.231138,62.781934,5.821808,88.133621,maize
1.24,65.67,68.01,22.440279,15.994536,6.849626,70.539017,chickpea
86.46,93.98,63.58,33.325074,84.718338,6.573239,98.052338,banana
67.34,59.4,43.76,25.488567,86.364083,6.35862,171.769538,rice
17.65,9.27,29.11,30.809586,95.906773,5.236849,188.070465,coconut
87.46,62.36,44.14,27.22643,81.222485,6.827864,191.404992,jute
33.05,17.78,35.26,32.205609,53.612052,6.714125,104.956558,mango
80.35,16.82,54.42,36.505404,96.755818,6.594869,22.12134,muskmelon
4.58,142.11,203.61,8.779036,92.111022,6.553996,103.043238,apple
114.14,94.43,55.75,25.488599,81.724543,6.862062,132.704204,banana
3.98,82.28,16.0,27.412935,46.214144,6.097775,116.033812,pigeonpeas
27.65,56.83,26.13,27.379099,74.709604,6.341681,69.46736,blackgram
9.06,17.05,16.54,15.131416,91.232173,6.087266,103.785588,orange
28.2,52.8,79.24,23.25769,22.227891,7.130146,77.929625,chickpea
94.44,40.38,50.28,33.182227,81.140773,6.740711,59.31579,watermelon
106.35,91.07,50.42,30.538625,82.390618,6.693962,147.359056,banana
10.92,112.04,191.16,0.773636,94.865074,6.959719,113.640652,apple
25.5,52.03,99.26,20.752041,23.864309,6.451122,62.413233,chickpea
89.02,37.52,40.69,26.145814,66.125613,6.532081,160.041161,coffee
12.57,61.36,19.0,33.596803,57.048339,5.755977,178.990598,pigeonpeas
19.22,22.99,13.89,18.488672,93.807089,6.662206,105.683406,orange
18.38,107.72,192.15,9.802011,94.161754,6.928046,127.194053,apple
6.86,15.16,31.8,34.114799,90.91556,6.722823,131.848646,coconut
55.49,54.63,61.64,38.482387,91.022715,7.347749,154.585057,papaya
118.4,44.89,51.97,33.458971,94.377167,6.257197,52.204176,watermelon
15.26,41.56,24.0,25.014834,55.680705,6.131827,52.70756,mothbeans
55.07,75.14,52.64,41.429634,92.865738,6.664988,150.567726,papaya
37.47,57.52,64.29,20.981182,19.715046,6.516386,77.4667,chickpea
2.47,39.07,46.46,34.110313,90.388766,5.566805,157.437117,pomegranate
8.55,86.0,73.71,17.311835,19.440602,5.747876,69.538658,chickpea
68.38,78.9,41.66,35.003459,90.090773,7.519615,170.652995,papaya
22.57,70.35,25.9,22.642116,72.455203,6.562552,52.648564,lentil
13.04,141.93,223.75,6.400675,94.319554,6.704211,100.031145,apple
17.62,23.55,37.1,29.930932,95.501754,6.954101,149.484856,pomegranate
32.82,59.63,74.43,18.410845,19.14233,6.28412,69.637085,chickpea
33.28,30.32,37.54,28.408728,45.347403,4.626871,116.156806,mango
1.4,56.48,85.57,23.263242,16.320278,7.334791,94.039885,chickpea
13.92,19.52,41.94,32.43944,93.198912,7.116899,198.734016,pomegranate
104.5,42.53,53.08,33.454471,91.977783,6.001725,49.755883,watermelon
4.05,63.66,22.91,25.856885,23.111464,5.635612,135.536497,kidneybeans
26.14,56.42,22.92,28.342734,83.787734,6.876095,31.348242,mungbean
118.68,16.98,45.53,28.05323,92.796881,6.884253,28.197621,muskmelon
108.98,13.9,63.27,31.010412,87.39958,6.484729,43.627241,watermelon
25.08,69.41,20.18,22.805151,23.946745,6.068302,135.25117,kidneybeans
112.12,38.71,58.26,35.073827,95.177129,6.724377,27.380085,muskmelon
26.74,40.5,27.28,36.245926,58.558829,5.797871,104.98969,mango
87.85,43.38,41.43,22.110585,86.302826,6.042719,163.147488,rice
6.15,60.91,25.87,31.316684,62.817911,7.287514,62.134039,blackgram
11.18,84.22,75.6,21.245786,24.741798,5.872967,72.056025,chickpea
101.81,72.37,58.97,32.163368,82.687205,6.805581,130.346208,banana
22.11,71.88,20.32,26.634166,63.397584,7.227169,70.705949,blackgram
19.88,76.57,15.4,34.425093,51.383479,5.511878,199.940893,pigeonpeas
57.26,80.32,61.2,34.796549,90.570751,7.281114,158.695264,papaya
16.39,63.19,25.97,29.484583,45.325142,6.928027,181.576361,pigeonpeas
35.09,50.78,27.48,26.829032,82.820175,6.98393,31.558575,mungbean
1.05,13.26,25.31,29.690988,95.369111,5.30066,178.817815,coconut
114.84,41.89,21.59,27.475324,80.225059,7.931681,74.168259,cotton
6.86,102.22,200.58,23.394947,86.16709,6.796998,70.173187,grapes
16.33,111.94,198.1,10.872519,93.110992,6.724856,104.310508,apple
3.33,53.83,27.01,20.932877,63.622627,6.848626,51.877229,lentil
85.06,85.78,52.74,27.800408,81.037607,6.427014,108.683239,banana
85.4,35.29,36.7,23.33467,91.392843,6.355278,166.441909,jute
2.84,130.73,194.32,0.724378,90.764506,6.536011,104.179758,apple
2.44,31.07,49.85,26.404469,85.260615,7.136508,120.609391,pomegranate
8.42,111.76,193.04,11.64984,92.906935,6.263835,114.080297,apple
18.86,39.78,25.91,33.545269,86.799415,7.002878,42.006361,mungbean
109.42,37.25,52.24,28.462952,90.055053,6.825393,23.215574,muskmelon
114.84,18.33,28.33,28.159858,66.379111,6.942562,178.449267,coffee
92.6,26.46,43.88,25.92212,66.57255,6.655013,194.801361,coffee
17.53,66.04,18.14,30.878219,49.65106,5.128418,176.750742,pigeonpeas
86.48,57.05,35.41,25.13756,81.356413,7.277888,197.693483,jute
34.9,74.12,28.84,18.789834,18.026173,6.894448,156.849583,kidneybeans
105.04,74.11,59.77,33.870226,88.898816,6.490264,101.843785,banana
87.93,46.21,14.53,21.941258,63.332193,5.502491,65.603519,maize
90.84,37.52,52.98,27.288893,89.822025,6.620158,160.430211,jute
87.3,44.48,24.42,19.784418,58.99084,6.788474,105.629137,maize
24.42,90.59,27.33,28.095435,55.979091,6.126022,147.288718,pigeonpeas
7.78,36.94,31.99,31.875174,47.354481,6.936949,109.045495,mango
25.71,98.6,18.71,20.247033,18.25549,6.790845,113.583852,kidneybeans
19.34,13.58,45.8,31.036972,90.249425,6.076417,155.003745,pomegranate
87.16,33.47,64.47,33.649632,80.378778,6.273727,43.145149,watermelon
27.32,53.85,18.14,29.509496,68.596442,7.498295,61.037049,blackgram
65.75,60.79,12.59,23.072927,74.83549,5.506011,60.82899,maize
75.51,49.23,30.32,21.463404,85.250883,5.745627,174.88603,rice
32.79,71.97,29.43,26.738128,58.353912,6.149218,68.088355,mothbeans
23.28,75.05,22.08,25.360518,23.710832,6.012068,148.034627,kidneybeans
38.81,41.84,31.32,27.310911,49.624572,5.011805,101.890077,mango
123.75,35.55,15.36,25.157681,81.090754,7.92526,62.723505,cotton
61.68,84.17,56.6,35.904993,93.867057,6.665982,159.099024,papaya
27.42,41.6,26.93,27.112775,57.920957,5.749539,59.578841,mothbeans
134.77,54.33,16.06,23.455203,84.150788,6.276394,71.736785,cotton
29.25,62.22,16.88,25.867458,93.394873,6.69457,48.907065,mungbean
8.59,16.84,6.04,11.482422,96.547625,6.102437,117.704368,orange
88.28,44.99,35.24,23.421683,84.939968,6.282743,174.731121,jute
11.62,62.37,26.38,28.436673,65.465356,7.492235,82.224581,blackgram
32.98,46.84,21.22,28.271709,93.632247,6.262375,34.539235,mungbean
89.02,23.52,45.29,25.533378,62.399291,6.191646,169.380525,coffee
117.97,92.9,52.46,25.30922,88.724691,5.990735,132.286644,banana
21.34,85.31,21.84,26.549852,49.882382,6.708786,103.447099,pigeonpeas
66.68,74.23,60.25,37.045763,91.95054,8.172791,164.184898,papaya
3.21,134.78,198.51,12.64232,94.11001,6.09114,116.691501,apple
2.17,10.3,47.88,24.592634,90.604485,5.723232,198.529592,pomegranate
84.42,46.16,23.33,27.296666,56.996621,5.661104,65.766322,maize
15.87,37.15,33.81,27.918672,51.60759,5.769219,98.313688,mango
5.63,23.42,31.7,32.287107,96.668947,6.317922,127.786051,coconut
4.81,112.72,196.36,14.623279,95.467244,6.894849,125.851701,apple
5.46,86.74,15.76,17.10277,62.744834,7.310874,45.704004,lentil
72.5,53.97,46.36,26.485522,81.96914,6.001976,154.696911,jute
12.93,63.64,24.33,31.554294,61.483084,4.53264,59.76277,mothbeans
12.46,58.94,26.78,24.678511,67.387498,6.542031,37.817079,lentil
13.17,27.73,41.3,29.148977,93.090332,7.660635,122.749824,coconut
22.75,58.84,22.34,31.137138,66.400947,7.1867,83.384528,blackgram
89.94,64.59,40.59,26.807975,86.032764,7.068764,173.377573,jute
11.86,42.07,15.61,28.146879,92.534965,7.367981,33.28906,mungbean
110.47,37.52,22.36,23.741591,81.058126,7.193895,83.565107,cotton
109.65,36.78,56.3,33.496698,91.763635,6.667952,53.295173,watermelon
7.88,103.29,218.16,12.642973,92.353802,6.27789,124.284072,apple
11.02,133.46,213.16,18.345571,89.744734,6.698747,74.203828,grapes
14.03,9.98,33.9,25.678275,94.879376,6.249848,191.331563,coconut
10.08,107.63,210.59,22.183081,93.986211,6.737966,63.779372,grapes
113.02,18.37,55.79,33.900122,85.879257,6.429883,59.696459,watermelon
66.21,52.04,35.79,21.895311,87.099047,6.970307,241.731541,rice
2.04,42.89,33.56,33.516192,50.914138,6.53417,103.036771,mango
23.55,35.83,25.67,27.433318,48.919652,4.708754,101.677849,mango
90.75,19.15,39.5,26.57048,61.888047,6.802314,190.619604,coffee
6.85,39.98,37.57,21.369542,90.642137,5.667211,127.40676,pomegranate
97.03,84.02,52.13,28.789344,89.174952,5.594057,97.143677,banana
18.67,137.63,206.24,24.540577,89.634176,6.810488,64.92114,grapes
97.44,44.79,35.6,23.708129,75.643436,6.604259,189.85767,jute
13.39,16.04,14.57,14.748236,95.436645,6.00789,106.471329,orange
123.93,50.75,22.13,26.872293,83.753554,7.719428,73.267732,cotton
32.47,40.71,30.34,36.028182,57.730991,5.561217,116.360008,mango
46.14,62.74,61.7,37.549786,93.722857,7.944816,160.226249,papaya
114.43,24.38,52.47,30.976944,92.282911,6.860667,20.105069,muskmelon
28.68,50.01,28.15,27.40529,50.204333,3.797005,55.345934,mothbeans
78.03,40.4,57.34,26.489705,85.645803,6.235079,177.843239,jute
39.03,58.75,80.63,24.489415,24.74912,5.972721,61.964706,chickpea
11.98,41.9,15.37,28.730292,61.133524,4.35422,57.221665,mothbeans
4.43,22.53,35.05,34.349014,95.951573,6.241872,170.922899,pomegranate
96.08,14.37,56.81,31.706005,86.059949,6.40603,51.466228,watermelon
37.43,71.93,23.52,25.51312,56.025149,3.715583,52.926547,mothbeans
104.43,40.48,16.9,25.319571,76.601977,6.693904,67.29793,cotton
49.59,59.84,44.62,38.683352,90.994372,7.362773,158.316663,papaya
97.35,43.83,48.11,30.244312,89.279024,6.851221,52.184003,watermelon
23.58,74.61,19.77,29.31905,62.216718,6.293741,66.611171,mothbeans
96.64,36.91,31.12,23.883967,83.709223,6.744685,271.237721,rice
0.09,22.41,43.63,31.215456,90.673414,7.968948,198.046814,coconut
1.16,56.26,24.74,30.313826,49.49986,5.077427,51.084131,mothbeans
29.25,65.07,21.41,29.613585,55.148805,3.57129,55.091374,mothbeans
88.23,49.05,23.54,18.451147,73.717482,6.756214,65.875219,maize
83.75,53.48,53.85,26.622189,82.533834,6.385114,164.25738,rice
93.06,56.84,15.78,20.706968,65.438369,5.972124,88.204757,maize
4.87,5.64,36.33,29.012395,93.861131,5.913525,195.316868,coconut
19.87,13.06,18.53,18.060509,90.476047,6.501238,106.571289,orange
9.11,30.76,30.42,24.793769,93.55132,7.319954,143.83366,pomegranate
3.92,63.8,21.21,18.382122,21.033945,5.89782,123.564101,kidneybeans
84.51,23.82,52.0,29.743162,94.585273,6.470018,58.288523,watermelon
15.88,62.97,23.26,31.185402,82.706984,6.302328,46.528932,mungbean
23.66,53.03,23.06,29.680854,64.906684,6.165241,99.244477,blackgram
95.88,30.87,37.22,21.001153,87.767679,5.797306,286.595734,rice
85.04,40.82,45.38,25.15694,88.864029,6.881586,225.544939,rice
108.52,37.11,19.19,23.6418,76.69304,6.04768,69.006189,cotton
102.46,46.62,24.44,24.112783,77.013687,7.20093,89.395622,cotton
20.29,74.1,15.15,34.153969,54.098505,6.908537,128.67439,pigeonpeas
18.02,21.77,11.25,12.738117,92.664627,6.714076,121.414671,orange
14.74,51.49,19.92,33.698567,73.754349,6.735598,98.253598,blackgram
6.68,53.65,29.06,24.708171,69.243859,6.878637,54.997186,lentil
84.67,92.97,48.74,28.683839,79.006369,6.743396,98.667084,banana
33.33,35.63,29.01,34.668482,48.742503,6.398721,102.695903,mango
99.07,49.55,16.92,22.247769,56.028383,6.508397,77.666885,maize
14.04,144.65,217.23,3.346685,94.361859,5.942435,100.905297,apple
5.72,20.14,32.65,28.025267,87.114861,6.768372,119.009236,pomegranate
24.0,19.56,38.1,31.381619,50.015843,5.102314,112.933199,mango
126.23,57.34,24.66,29.234865,81.20175,6.411528,88.303535,cotton
2.82,57.33,15.02,31.757485,85.004519,7.119156,53.092505,mungbean
0.82,90.63,21.77,32.895582,45.134316,5.576399,175.132378,pigeonpeas
8.66,77.56,96.39,19.360154,20.257172,6.079668,82.171423,chickpea
14.99,100.86,206.81,13.441529,93.035558,6.943219,119.574639,apple
102.47,33.24,27.35,26.748396,66.329462,6.412268,180.223264,coffee
8.88,60.13,24.89,32.80919,60.21906,5.632551,120.525985,pigeonpeas
88.77,55.71,49.89,25.834235,84.229829,6.592438,163.538404,jute
83.32,43.48,62.39,26.067039,82.192211,7.476961,197.659725,jute
70.0,56.35,46.38,25.788863,82.407385,6.782444,186.490195,jute
53.27,55.93,59.91,33.498313,94.722797,8.22892,157.409992,papaya
25.04,54.82,15.88,18.251297,72.349382,7.243849,58.463172,lentil
18.95,110.75,204.24,21.82993,86.643296,5.851938,67.370709,grapes
79.47,44.72,58.13,24.002096,84.734894,5.900463,199.73535,rice
12.05,19.44,5.75,10.594964,95.091021,6.158348,107.255323,orange
19.74,44.22,19.12,34.800126,85.027009,7.088563,38.512743,mungbean
27.94,33.26,33.8,33.49742,58.542425,6.500709,112.97036,mango
2.8,78.74,22.01,23.528537,21.025481,6.097967,128.312843,kidneybeans
1.07,132.55,205.7,10.684205,84.42689,6.25172,66.593029,grapes
6.87,45.37,28.02,30.369999,89.863682,7.174519,54.843684,mungbean
11.99,13.37,14.83,11.456976,96.958809,7.158065,112.517543,orange
31.72,82.89,19.52,28.103626,64.335279,5.878424,144.712555,pigeonpeas
106.61,78.68,51.07,30.298295,86.94986,6.192719,103.664492,banana
81.26,33.15,41.96,26.421364,86.308322,5.76626,200.828345,rice
7.79,84.16,22.25,29.393501,47.242463,6.036609,109.993181,pigeonpeas
7.29,37.27,38.92,23.459898,91.340281,6.291985,109.589814,pomegranate
115.89,39.82,39.61,27.080632,59.472136,6.875331,157.42479,coffee
118.87,45.35,54.68,36.128173,90.492313,6.572272,29.242984,muskmelon
17.58,73.22,24.76,32.018817,66.04259,6.352418,81.271154,blackgram
43.44,75.96,57.63,34.419628,92.557262,6.586253,159.481289,papaya
58.65,89.76,46.91,38.512753,93.630194,8.184239,150.100636,papaya
13.02,16.32,37.6,34.565649,89.935377,5.588915,121.95849,pomegranate
32.92,95.11,28.16,26.636366,19.055026,6.897736,134.272791,kidneybeans
9.11,80.37,82.16,17.169248,17.479976,5.854003,86.234914,chickpea
17.73,54.69,28.03,26.108044,84.360074,6.794701,40.923251,mungbean
0.93,41.15,22.58,33.862183,85.257273,7.162787,49.866388,mungbean
11.45,21.45,39.06,32.469993,57.596419,5.953099,99.337888,mango
35.18,76.27,29.57,30.53013,50.418408,5.977951,103.731029,pigeonpeas
83.62,15.07,48.27,31.020294,90.077117,6.950144,21.238191,muskmelon
37.26,20.97,28.59,34.487141,55.885792,6.247954,81.045085,mango
39.83,51.8,26.84,30.111143,56.788166,6.950486,59.619616,mothbeans
29.83,58.8,26.62,30.899852,47.215006,5.159011,175.083633,pigeonpeas
99.54,32.9,64.98,35.123268,95.940132,6.346388,25.089147,muskmelon
61.8,43.05,59.77,26.241741,87.48608,6.836189,284.016996,rice
13.78,33.18,52.98,31.685021,89.765096,6.047213,149.988166,pomegranate
116.51,46.72,53.42,31.040031,92.667249,6.989339,26.187962,muskmelon
0.14,57.82,16.64,25.953535,52.034048,6.402542,179.064881,pigeonpeas
16.61,119.57,207.41,2.63958,94.302759,5.943637,115.228742,apple
20.07,50.15,28.83,30.07324,87.260885,6.408733,49.764503,mungbean
75.7,32.4,52.66,23.036453,84.693269,5.726009,177.138998,rice
29.87,75.83,24.06,21.564587,17.371277,5.649928,139.299755,kidneybeans
16.95,143.41,201.49,11.079456,91.997621,6.41643,124.143688,apple
71.46,57.74,30.75,23.886386,86.339751,5.658846,171.05094,rice
15.16,43.95,38.86,35.466142,53.108994,5.097599,108.515194,mango
54.25,70.75,59.09,33.490478,90.503218,7.252445,147.821506,papaya
33.15,45.55,28.65,29.84571,56.37775,5.285582,41.080747,mothbeans
129.71,54.83,23.64,24.817191,79.508348,6.443009,60.729284,cotton
9.37,30.51,49.02,25.134389,88.131155,6.481663,127.354931,pomegranate
39.02,75.74,24.64,34.186646,49.973493,6.773116,109.754471,pigeonpeas
48.71,61.07,51.24,35.905022,90.149197,7.812512,161.469977,papaya
26.75,83.53,23.49,22.120581,62.659006,6.537206,53.750644,lentil
91.5,64.96,22.32,22.16666,61.430914,6.623231,100.069472,maize
19.32,68.26,75.45,19.892792,18.306575,5.679506,63.097443,chickpea
80.12,19.44,48.86,31.709212,96.220178,6.387853,28.451876,muskmelon
102.45,56.76,18.06,23.666975,80.215264,6.246551,83.192796,cotton
21.27,65.73,26.61,24.88281,24.598451,6.843257,126.060955,kidneybeans
12.83,76.13,86.91,20.478078,16.515102,6.943814,66.754922,chickpea
2.61,33.0,23.85,33.095792,86.835553,6.667254,47.678631,mungbean
82.8,26.85,33.83,27.119401,63.897894,6.751542,197.199502,coffee
92.23,43.41,37.68,26.826146,57.555861,6.018901,171.424669,coffee
13.48,23.68,5.93,19.939142,90.38094,7.238622,122.208068,orange
93.88,39.08,58.72,27.416471,94.745583,6.648708,52.115594,watermelon
9.21,27.07,9.59,16.27532,96.463195,6.257544,124.021857,orange
19.76,129.8,204.66,11.780173,91.17814,5.890435,63.247402,grapes
117.79,19.25,36.79,27.528919,56.596741,6.950794,198.265682,coffee
34.65,96.51,23.35,27.026778,58.704949,6.097956,194.452967,pigeonpeas
20.02,20.31,33.25,33.348402,56.029978,5.108052,115.039894,mango
16.28,138.17,214.43,7.958337,95.795155,6.809924,114.414538,apple
28.06,22.52,36.08,30.183862,53.311339,6.148319,118.912322,mango
6.99,29.6,37.01,29.323962,93.262927,7.082002,142.01245,pomegranate
94.94,27.4,41.44,29.565061,56.545356,6.420177,183.913154,coffee
16.05,78.81,15.01,26.618694,46.871328,6.099347,132.907487,pigeonpeas
93.78,32.32,42.55,26.255416,64.024816,6.916976,163.325354,coffee
8.99,112.61,218.37,8.326686,82.613763,6.740432,71.013035,grapes
102.65,49.06,18.31,29.671303,82.55471,7.014029,72.893322,cotton
7.24,11.82,30.21,22.328068,86.082506,6.72178,152.586523,pomegranate
64.38,70.01,63.15,34.549967,90.52223,8.334611,171.597361,papaya
8.67,134.22,191.47,4.69337,94.79101,5.994468,102.356058,apple
10.02,78.93,19.59,25.235281,63.823514,6.256807,80.273079,blackgram
37.76,74.21,28.52,25.983166,45.859153,6.442738,176.102157,pigeonpeas
81.11,48.31,50.8,25.549799,80.082326,6.856892,57.264148,watermelon
44.53,88.97,57.87,37.535412,90.676554,6.536392,159.058627,papaya
34.51,70.04,26.44,30.834936,74.870971,6.362115,70.491646,blackgram
8.51,112.26,199.75,24.866179,93.855161,5.613848,73.131013,grapes
5.2,58.4,25.44,19.057136,73.378323,7.15717,54.968505,lentil
73.1,41.38,50.57,22.078135,89.488579,6.874522,222.136564,rice
89.3,42.15,35.53,29.151233,59.920592,6.527119,157.217861,coffee
48.85,75.16,56.39,39.876685,96.999631,6.580465,147.080677,papaya
5.24,52.07,97.82,19.126475,19.544703,5.681404,76.946205,chickpea
84.95,43.57,45.56,26.486276,57.477961,6.936414,162.006438,coffee
64.36,48.09,53.35,23.409346,77.22924,7.490222,166.611708,jute
35.03,51.81,21.38,34.54929,62.109908,6.002209,42.068169,mothbeans
8.68,38.4,43.36,23.20476,89.947519,5.905784,187.802927,pomegranate
44.05,66.93,51.43,35.523078,91.949546,7.929504,161.624534,papaya
25.94,90.23,24.22,29.955348,57.346942,5.303327,121.557071,pigeonpeas
4.6,123.45,219.75,5.66082,90.422853,5.937452,107.257609,apple
28.96,91.87,16.21,25.938699,24.177655,6.804526,141.905713,kidneybeans
5.93,28.63,12.61,13.643519,92.830185,6.677733,126.034912,orange
31.83,57.65,18.17,26.078564,60.703936,5.287648,42.704109,mothbeans
87.77,47.43,35.99,25.628872,87.154071,6.608476,169.658663,rice
39.93,49.14,27.1,33.624784,84.539231,6.0631,42.142452,mungbean
98.79,31.21,55.41,24.653928,80.770704,6.601168,52.477293,watermelon
17.55,33.19,31.02,34.199071,85.513116,6.677517,157.535362,pomegranate
10.89,14.64,39.08,32.866546,93.378836,6.276261,166.193518,coconut
7.8,9.76,41.05,28.795206,96.210374,6.064005,187.177068,coconut
75.45,45.26,46.65,23.055589,92.725213,7.46602,193.12481,jute
6.78,28.85,32.5,22.007941,85.282741,7.33328,131.138274,pomegranate
13.19,96.6,25.23,26.771314,20.752213,6.306156,129.226925,kidneybeans
20.63,60.93,28.87,30.82089,51.977021,4.900233,44.004875,mothbeans
63.36,53.48,56.6,26.105916,85.597551,6.867447,184.47748,jute
8.87,86.7,27.41,23.341106,22.322263,6.007887,126.775001,kidneybeans
88.53,53.21,55.96,25.17602,88.008716,5.573446,185.180273,rice
33.05,78.62,16.92,18.561154,69.556626,6.789416,33.582988,lentil
42.78,82.16,63.07,33.479495,90.848748,7.90395,161.156588,papaya
14.78,31.45,36.67,28.783594,94.408428,5.999045,173.597978,pomegranate
12.48,20.6,6.86,16.989654,91.960185,6.77888,128.641678,orange
19.26,86.87,79.74,20.746564,24.5842,6.401153,67.235377,chickpea
82.37,62.79,61.64,27.245287,79.590402,6.797172,186.81183,jute
5.1,31.47,50.16,27.677951,87.115124,7.189535,136.750835,pomegranate
105.94,40.75,22.95,27.362882,82.609288,6.195546,73.743128,cotton
5.73,78.15,17.17,29.740759,50.151677,3.767266,46.069259,mothbeans
19.3,66.96,23.17,29.151206,93.873279,6.097824,57.963403,mungbean
19.25,142.7,200.96,22.678374,91.88709,6.663698,77.925615,grapes
4.61,41.74,18.57,29.425276,89.624011,6.65013,37.336097,mungbean
24.61,84.75,20.43,21.393125,67.738356,7.403791,34.947462,lentil
138.93,47.08,16.78,29.784511,84.608821,6.87145,70.44558,cotton
29.88,56.54,27.1,26.432166,22.458789,6.565539,142.815197,kidneybeans
37.9,27.4,29.9,31.871082,50.805238,6.323823,118.484644,mango
88.2,45.11,50.83,30.845566,91.909415,6.767456,27.061187,muskmelon
23.51,85.9,21.64,19.406622,17.937363,6.999648,127.321127,kidneybeans
14.69,21.05,12.5,19.875533,96.714154,7.273279,123.259576,orange
26.88,86.98,29.77,31.780116,45.803631,6.734011,136.467829,pigeonpeas
95.61,54.1,17.14,27.355419,56.189734,5.822767,89.288566,maize
84.87,56.92,58.82,27.557116,76.610317,6.857324,187.438842,jute
91.37,34.3,45.22,25.632061,69.382253,6.891887,198.335848,coffee
100.89,54.46,24.84,27.61683,80.901392,7.816132,67.64862,cotton
89.25,63.49,18.55,19.046151,73.079466,6.798359,99.904872,maize
21.34,77.82,17.93,20.490872,66.669825,6.715979,46.951483,lentil
26.97,76.25,24.79,26.271987,17.904698,5.973647,104.347298,kidneybeans
7.57,35.96,32.75,29.366054,87.027158,7.193079,157.904395,pomegranate
43.42,55.04,59.01,33.221977,90.366135,8.309287,164.639899,papaya
83.65,50.42,41.81,22.225938,85.045262,6.812507,277.669744,rice
6.57,60.96,29.31,27.848647,52.104086,5.644161,189.825045,pigeonpeas
98.02,15.72,64.53,28.154921,90.070511,6.373441,26.203763,muskmelon
1.84,48.51,27.22,32.29682,86.903209,6.892054,43.087396,mungbean
30.56,74.81,28.79,18.293332,17.602802,6.10491,104.816639,kidneybeans
87.61,44.9,20.02,21.76734,67.374296,5.560143,83.08636,maize
65.8,62.68,43.57,27.182756,92.867684,6.976835,179.915038,jute
38.65,76.1,28.65,25.143054,17.528468,6.143648,141.899104,kidneybeans
39.61,71.07,85.56,23.879764,24.262268,5.907721,81.141669,chickpea
131.28,42.6,20.79,29.488793,81.250713,7.422317,86.279536,cotton
17.94,73.13,27.74,27.223414,62.254724,4.882904,64.002342,mothbeans
2.73,130.88,205.08,14.019188,96.75568,6.651461,107.274843,apple
79.8,67.2,64.75,34.136029,92.74718,8.30393,170.684342,papaya
19.33,35.92,42.84,24.558132,92.622727,6.369602,180.334953,pomegranate
117.37,56.07,16.61,27.160062,78.999082,7.971583,81.641524,cotton
8.59,33.69,28.35,30.627064,55.318303,5.784178,103.891235,mango
4.62,127.72,213.07,13.583278,92.282508,6.828056,77.101399,grapes
22.29,17.1,28.41,33.228592,49.584939,5.036805,89.15386,mango
109.65,27.9,38.18,26.368154,57.911585,6.650451,159.876886,coffee
114.18,34.52,40.75,26.489939,58.633193,6.47475,165.701946,coffee
132.15,59.61,17.97,25.279284,77.789799,6.309656,83.623327,cotton
21.54,47.37,22.43,25.677132,49.585258,5.642782,47.913581,mothbeans
11.5,28.34,30.83,30.124916,95.647683,7.075154,180.118254,coconut
12.5,17.15,39.58,28.565117,90.915913,7.587306,186.243755,coconut
9.14,18.79,38.45,31.528718,95.242502,5.620255,128.831299,coconut
18.39,140.32,202.6,3.867827,95.521557,6.58747,115.160195,apple
19.25,26.1,17.62,11.990151,91.880747,6.894074,119.684122,orange
34.95,21.05,39.13,34.633244,49.419841,5.762287,88.919571,mango
36.96,33.24,42.87,28.102252,58.880883,5.800123,106.736877,mango
19.29,7.95,17.55,19.083382,95.758729,7.213262,110.8393,orange
104.72,87.58,52.42,34.057282,87.317877,6.716779,126.971908,banana
11.38,123.15,204.82,6.010063,95.725764,6.516251,123.210704,apple
6.39,141.08,208.7,22.721388,85.852715,6.741156,61.130738,grapes
4.49,73.55,23.32,28.071313,69.126756,6.498152,77.93431,blackgram
27.71,51.25,18.94,22.173478,17.278953,6.426504,140.698637,kidneybeans
10.49,101.02,199.1,18.569403,82.352224,6.376102,67.23196,grapes
104.11,45.4,20.74,27.269197,83.356078,7.082814,66.711314,cotton
4.67,86.95,17.61,19.948974,66.839773,6.624443,30.619029,lentil
99.21,80.98,53.49,34.083371,82.543412,6.87458,123.007623,banana
10.97,69.17,19.64,29.941561,61.771577,5.387466,58.510687,mothbeans
17.34,126.52,209.35,3.559734,94.746784,6.061967,101.292479,apple
77.81,61.8,57.13,24.097216,88.14333,6.198383,159.703193,jute
32.64,51.49,18.96,17.456471,70.011435,6.868371,49.561454,lentil
107.52,26.33,29.65,26.061297,56.908417,6.43975,155.136802,coffee
10.01,21.13,17.33,14.631102,91.658007,6.735989,107.506243,orange
16.82,50.61,16.05,18.562217,71.539949,7.39204,46.369226,lentil
18.96,56.52,15.94,25.037255,64.871282,6.884296,78.209214,blackgram
115.86,100.73,59.84,31.679232,81.228958,6.104862,138.535949,banana
28.21,53.36,15.58,23.883574,20.051143,6.483189,105.641272,kidneybeans
17.37,32.05,54.35,33.439053,87.800019,6.818118,102.054303,pomegranate
98.73,54.37,54.0,25.762325,87.151067,6.918177,152.120413,jute
77.4,79.05,53.19,34.861654,94.542825,7.683441,163.91655,papaya
36.47,81.98,17.0,22.973799,66.277962,6.515397,45.85102,lentil
10.0,26.77,41.7,25.099563,92.864785,7.48381,120.015825,coconut
31.69,87.65,28.39,25.251954,19.225404,6.333816,117.844718,kidneybeans
27.47,76.96,29.02,21.468728,24.522767,5.612709,144.389866,kidneybeans
2.93,47.13,16.51,32.412942,60.374737,4.152594,46.578153,mothbeans
79.42,82.66,59.87,39.008207,96.882876,7.383126,165.953876,papaya
39.24,51.69,77.8,21.375902,15.614176,6.172572,99.505898,chickpea
108.08,35.84,51.84,27.919555,83.700836,6.961915,57.204027,watermelon
10.95,16.36,35.8,35.308809,56.536676,5.594474,87.844814,mango
29.11,18.81,43.75,32.823702,50.000436,5.492849,109.01618,mango
62.0,50.27,21.92,24.227087,70.016772,6.690453,70.597731,maize
104.48,105.99,45.02,27.289338,78.148793,5.685829,99.966073,banana
77.74,36.82,46.64,20.446721,88.276312,6.447497,263.713161,rice
25.62,61.85,16.86,28.31998,52.013207,6.463918,51.365277,mothbeans
0.71,131.92,224.46,3.870794,93.244259,6.041912,111.714025,apple
10.03,68.25,17.25,25.848939,22.419075,5.70068,141.63156,kidneybeans
34.53,50.02,15.84,19.915075,70.303474,6.841704,31.989385,lentil
39.95,58.96,71.48,19.003465,16.891585,6.664889,99.740901,chickpea
35.51,81.51,22.81,21.857336,21.179615,5.813916,149.376153,kidneybeans
110.49,45.65,15.95,27.948693,83.29193,6.6148,76.994305,cotton
28.94,94.11,28.6,28.374897,57.219174,6.217616,126.729967,pigeonpeas
11.0,52.6,62.2,21.653818,14.238958,7.197584,66.215885,chickpea
35.02,61.36,91.51,20.062265,24.779764,7.26706,72.052814,chickpea
107.61,26.51,61.79,29.730154,90.096788,6.388082,27.360641,muskmelon
10.01,127.93,204.2,15.332174,83.959154,6.303021,64.389125,grapes
39.32,77.44,16.56,18.586384,72.393684,7.496757,32.950178,lentil
9.25,109.46,203.42,14.074462,92.54488,6.635076,127.690131,apple
32.01,43.61,17.25,26.867548,88.369077,7.269272,32.119521,mungbean
25.95,98.56,15.86,34.228644,56.356228,6.408794,114.918418,pigeonpeas
7.14,86.16,81.98,18.200317,16.230695,6.819972,88.992673,chickpea
127.11,43.55,21.59,25.885743,75.090331,6.462553,61.271587,cotton
25.62,58.06,95.52,23.494019,17.8452,6.657219,65.641092,chickpea
39.25,82.79,24.15,34.866982,46.768775,6.949002,120.401315,pigeonpeas
6.15,102.95,199.27,14.947588,94.884049,6.08948,61.783908,grapes
3.66,119.35,199.87,9.735128,94.834212,6.289582,118.335919,apple
16.71,62.87,22.54,19.366216,20.167369,6.348685,124.804495,kidneybeans
5.66,65.55,16.45,31.325712,60.94395,7.416721,68.309229,blackgram
37.13,67.87,21.25,28.63734,72.286183,6.966908,63.090641,blackgram
32.78,84.43,25.65,32.161309,62.501998,6.227211,127.821715,pigeonpeas
111.18,23.71,39.58,31.415123,64.738884,6.17832,190.8505,coffee
6.2,56.62,22.17,21.859084,62.646034,7.212497,38.430378,lentil
123.71,46.34,21.47,28.29195,84.495438,6.699761,64.893143,cotton
3.12,7.29,18.31,13.767017,93.66344,7.153032,111.144953,orange
1.63,33.96,52.13,26.791244,87.676908,5.587943,159.108282,pomegranate
1.63,6.35,5.37,11.528724,95.999993,7.197239,125.367215,orange
8.62,130.78,211.31,14.580807,90.972327,6.360279,101.897205,apple
17.03,59.48,17.77,25.040109,52.568208,6.833001,58.454068,mothbeans
112.39,24.66,31.34,29.706168,60.981478,6.835479,183.722121,coffee
8.19,67.18,20.36,24.3016,73.796661,7.150886,33.322204,lentil
65.12,49.63,12.9,19.032835,72.322892,6.383997,77.93364,maize
77.95,51.79,23.13,27.755956,72.457179,5.788451,71.039896,maize
14.1,39.06,54.14,24.841749,93.430945,6.13371,162.919794,pomegranate
110.05,39.04,47.21,37.994661,96.593228,6.896592,26.222891,muskmelon
97.82,51.77,23.86,23.789775,55.092376,5.557813,94.02094,maize
18.96,63.61,16.05,25.182311,82.299373,6.766905,54.347902,mungbean
88.93,60.89,59.45,24.381736,94.858733,7.405498,171.508731,jute
64.63,51.7,24.98,19.925908,58.079272,6.1342,90.983426,maize
11.32,66.9,16.46,20.610244,60.647115,6.503946,57.944968,lentil
24.26,67.79,77.71,17.574377,22.830275,7.286105,60.440667,chickpea
21.32,57.52,22.08,32.138607,93.967729,6.525447,30.366464,mungbean
10.31,6.24,28.14,27.711161,90.892796,7.802289,143.065535,coconut
4.28,19.56,32.09,31.370303,93.834842,5.53904,178.778713,coconut
137.02,40.21,16.96,26.853333,84.955164,6.980305,69.927149,cotton
16.27,97.13,29.26,21.700829,23.006572,6.185118,145.207632,kidneybeans
9.44,80.53,97.2,20.983455,21.072983,7.234345,99.953185,chickpea
21.51,57.52,22.11,30.389585,47.101194,6.676936,42.132622,mothbeans
90.35,28.99,40.73,27.820095,55.462915,6.222616,189.923641,coffee
12.63,54.36,29.96,25.302192,68.960039,6.975318,87.271574,blackgram
126.36,45.79,17.48,28.929728,79.956806,7.989315,83.800735,cotton
69.79,44.84,24.1,26.879888,70.547174,6.276492,84.530396,maize
35.41,66.9,24.64,26.08745,48.702219,6.877997,57.965751,mothbeans
23.78,81.92,26.66,23.950414,64.393541,6.965751,30.280037,lentil
22.71,53.46,17.55,18.622243,23.550928,5.93209,143.424717,kidneybeans
119.29,94.26,53.05,30.437688,75.607906,5.760476,127.401595,banana
103.81,38.98,48.36,32.057505,94.245887,6.743176,55.694304,watermelon
0.53,108.78,191.96,17.032833,80.594409,6.703969,69.859241,grapes
8.08,64.03,21.15,22.567469,72.682799,7.220918,35.219627,lentil
25.07,52.12,19.76,33.728055,68.732506,6.617962,78.604077,blackgram
88.68,43.48,38.17,20.674737,89.026024,6.183664,180.354505,rice
19.99,20.47,36.11,24.743355,86.026809,6.288092,101.742505,pomegranate
34.54,16.7,32.98,35.566151,50.89765,4.794689,90.63798,mango
18.57,24.95,29.68,27.977783,92.670607,6.216253,185.387429,coconut
100.97,45.78,16.7,28.729858,77.610973,7.887386,89.154269,cotton
39.18,56.92,16.21,27.559308,50.80343,3.549443,42.857008,mothbeans
19.57,33.01,25.17,32.906015,92.198303,7.471893,50.160472,mungbean
0.95,60.05,15.65,23.566235,68.721105,7.013719,46.633496,lentil
9.78,101.34,190.31,19.992705,81.774404,6.321712,73.92015,grapes
32.16,59.56,19.63,30.653165,45.859503,5.158634,169.611636,pigeonpeas
81.47,76.31,64.06,30.754031,82.334402,6.076486,132.505209,banana
62.39,65.04,12.34,23.348982,73.314897,6.351172,79.861665,maize
82.04,105.36,61.53,30.466842,75.336082,6.343644,93.275343,banana
106.58,11.34,60.88,33.085428,90.526397,6.680752,24.993518,muskmelon
14.49,125.53,204.05,19.799129,92.848899,6.668116,70.907586,grapes
39.76,85.07,28.69,19.276505,63.301524,6.925867,43.599581,lentil
81.89,25.14,57.26,31.223487,92.424136,6.420732,50.965156,watermelon
118.38,93.02,56.78,27.114711,86.474808,6.605897,95.709478,banana
13.62,108.05,212.57,6.989504,95.877627,6.227498,127.894118,apple
32.65,42.33,40.74,32.827819,53.121749,6.11154,91.513212,mango
34.24,68.37,26.94,28.295335,55.463572,3.617192,51.489938,mothbeans
82.47,85.07,61.2,32.196853,89.210756,6.140523,132.468084,banana
1.79,26.22,6.91,12.624501,96.955129,6.285313,103.034266,orange
14.27,19.48,11.37,19.931117,92.033183,6.619716,127.085831,orange
17.06,130.16,200.1,14.62528,93.997039,6.275133,112.105289,apple
93.68,51.22,53.34,24.01253,76.541293,7.038497,181.0338,jute
38.95,41.14,29.29,29.411833,50.171612,5.478786,102.119805,mango
65.38,46.08,45.43,26.003005,84.627994,6.077634,245.934491,rice
10.69,100.08,219.69,14.152733,82.102377,6.156874,69.723546,grapes
23.98,88.13,79.76,19.402175,19.249562,6.219333,68.976636,chickpea
58.19,67.18,58.36,34.504053,94.420461,7.113388,153.367077,papaya
91.35,53.15,17.14,27.947017,68.49195,6.721958,105.127698,maize
98.2,30.61,60.88,30.244711,94.969305,6.71077,28.495528,muskmelon
47.15,62.03,42.71,34.697828,96.566328,7.833605,172.238593,papaya
83.09,56.33,55.31,24.209946,75.783792,7.249023,193.615642,jute
93.65,47.81,14.84,20.424829,64.597268,6.524888,71.412644,maize
6.71,135.08,193.7,12.855041,95.371358,6.792046,126.849812,apple
22.57,74.9,25.58,33.383236,56.259645,6.399962,174.972935,pigeonpeas
109.35,19.63,36.92,25.666495,65.875083,6.607806,169.711835,coffee
15.55,121.88,205.42,13.614963,94.04675,6.244959,120.485076,apple
3.59,10.11,43.98,25.979646,94.442777,5.181692,126.159265,coconut
14.65,51.71,20.67,24.600276,67.248937,6.60823,50.634805,lentil
7.67,34.2,26.61,32.84588,48.190572,6.212341,113.121726,mango
114.48,17.01,52.07,30.374914,90.8585,6.646449,23.45871,muskmelon
60.23,57.53,52.19,23.470875,93.657183,7.164326,157.264814,jute
139.83,51.68,20.14,25.785609,78.245829,7.410839,77.636565,cotton
1.09,7.38,10.27,18.426857,96.088292,6.464419,121.566763,orange
16.41,28.05,48.73,23.492676,90.269203,6.01461,100.349498,pomegranate
12.29,59.98,24.5,26.896464,73.790954,6.154649,60.27512,blackgram
80.81,54.0,39.43,25.861677,84.941416,5.673785,160.808872,rice
16.56,62.82,15.01,31.093604,58.490813,5.484883,54.896765,mothbeans
92.37,16.61,52.47,32.809078,95.045099,6.711238,22.02695,muskmelon
108.03,18.99,52.22,34.441937,89.918159,6.789025,59.373892,watermelon
15.31,60.45,29.28,20.292687,71.440063,6.886705,33.954362,lentil
25.9,61.08,21.62,33.927061,45.726114,6.710328,116.317816,pigeonpeas
2.75,106.63,210.97,21.239444,88.953406,6.714027,71.829547,grapes
35.44,49.01,19.95,29.180474,54.681281,6.991768,43.43336,mothbeans
12.13,22.99,45.62,27.209977,93.333758,7.437825,195.986536,pomegranate
86.18,40.95,43.31,25.614116,89.839745,7.082241,193.472967,jute
115.39,33.62,46.64,25.768693,81.153114,6.107993,59.539047,watermelon
103.16,42.14,43.66,25.673312,61.012735,6.005296,168.857317,coffee
68.68,42.91,43.01,25.861665,82.323411,6.999142,180.511984,jute
13.55,101.06,218.33,13.937322,94.972582,6.393941,119.710556,apple
76.93,64.19,35.43,24.628597,90.498624,6.540149,196.048117,jute
13.1,22.39,9.29,14.700474,91.271927,6.369871,102.695501,orange
15.18,23.13,28.9,35.041713,50.312469,5.708498,88.912793,mango
32.96,62.84,29.55,25.062498,25.708337,6.757205,108.526236,kidneybeans
89.26,22.87,57.9,24.267932,88.568286,6.808688,52.208867,watermelon
25.73,84.24,19.06,28.717113,45.913246,6.573882,143.299822,pigeonpeas
110.52,57.54,16.09,29.843781,76.648518,6.532473,62.897818,cotton
15.09,5.3,8.34,13.77072,93.547722,6.512393,119.469978,orange
88.49,37.63,57.73,30.942594,83.10056,6.579347,52.510767,watermelon
88.93,37.86,62.04,34.036982,92.479112,6.187891,21.343462,muskmelon
136.35,49.99,17.67,28.650809,82.015954,7.954337,71.31756,cotton
17.0,93.97,19.06,26.043688,20.833739,5.991712,130.150723,kidneybeans
16.07,60.72,84.25,24.510443,17.79105,6.614004,71.851985,chickpea
6.89,55.11,21.89,26.701244,60.295784,6.078133,97.195382,blackgram
31.36,65.02,24.34,18.820391,68.706103,6.581265,43.038129,lentil
97.0,50.87,37.77,24.208353,93.125984,7.48719,193.150795,jute
4.83,31.69,44.35,30.756181,92.083537,6.913497,190.554705,pomegranate
92.72,45.5,48.79,30.199454,94.807001,6.0889,27.323672,muskmelon
5.48,28.09,27.82,31.069665,92.154657,5.545345,127.514974,coconut
85.7,92.04,53.45,34.914863,84.811048,6.902803,98.721018,banana
116.13,19.17,60.73,33.730456,92.160757,6.035454,28.189475,muskmelon
103.92,77.09,61.28,28.534749,81.912853,6.08096,121.282812,banana
73.69,52.24,16.6,19.25807,56.834474,6.501235,92.775887,maize
1.53,55.37,23.56,23.465478,73.302089,7.135113,42.094298,lentil
6.73,141.29,203.94,23.087708,86.936509,5.933279,78.012904,grapes
115.75,28.27,46.74,25.220959,60.208454,6.855068,195.55893,coffee
0.89,74.05,90.55,19.278461,22.663111,6.76471,97.166505,chickpea
15.79,42.06,17.07,31.559155,83.639253,7.163137,36.05064,mungbean
26.02,62.9,28.59,19.389788,64.132663,7.3864,50.424678,lentil
28.67,58.6,26.37,31.297878,71.813438,6.376364,85.241126,blackgram
100.5,92.95,62.95,34.856357,86.679117,5.597777,109.358384,banana
96.55,54.45,59.09,24.364926,83.922566,7.364426,152.544778,jute
6.4,30.85,36.05,33.422977,51.411374,5.773687,87.238105,mango
37.88,66.08,24.94,29.280341,61.482981,5.28807,50.651802,mothbeans
7.69,45.73,27.15,31.753608,55.48552,4.810287,60.054829,mothbeans
91.27,35.98,46.87,32.076068,86.297297,6.587307,40.517248,watermelon
4.87,70.47,18.25,26.205774,66.984128,6.581089,97.646944,blackgram
7.06,29.65,11.46,12.30134,93.988117,6.607139,101.648812,orange
116.69,24.19,62.15,26.594088,90.612196,6.088612,59.721007,watermelon
6.97,131.05,217.14,7.777677,96.698003,6.887996,114.203112,apple
2.93,110.36,216.28,3.005294,90.247628,6.858795,126.289553,apple
114.7,25.4,32.61,31.291263,67.458734,6.105771,181.108096,coffee
7.37,53.23,21.56,30.648284,62.080614,6.43991,72.23772,blackgram
85.8,37.3,47.4,24.809417,90.696842,6.063532,44.490616,watermelon
114.51,44.53,17.45,24.923917,79.546687,6.49629,73.993198,cotton
63.71,51.83,21.07,20.57452,70.046578,6.256268,97.513299,maize
6.87,68.36,26.3,34.360475,61.750555,7.389587,84.058701,blackgram
1.78,137.25,223.01,22.56598,85.008703,5.640295,65.602768,grapes
38.12,76.03,64.64,24.080744,19.381917,5.783278,66.107605,chickpea
8.96,136.08,204.58,8.434516,84.24529,5.847613,75.87164,grapes
17.86,10.54,37.4,34.479718,93.708567,7.930693,144.803684,coconut
80.23,74.62,64.46,34.223332,79.876397,5.888279,116.184978,banana
7.21,60.26,17.36,32.783026,91.576094,7.119901,30.582684,mungbean
4.17,45.36,16.04,29.425694,48.292348,6.032874,56.570757,mothbeans
121.47,44.64,22.9,29.933119,80.265744,6.903498,70.291062,cotton
7.94,85.83,26.4,23.173821,24.766337,5.936576,152.897033,kidneybeans
128.61,35.56,15.68,28.55812,78.764449,7.336864,82.175449,cotton
115.67,22.84,45.4,30.643735,86.576264,6.749567,50.491995,watermelon
16.52,22.52,25.14,26.835615,95.251058,6.211503,122.097083,coconut
13.72,108.01,215.43,23.91364,89.015755,5.794195,73.590877,grapes
18.01,108.34,214.02,3.219371,95.76313,6.453585,108.823531,apple
68.27,71.12,61.9,35.050052,92.811844,8.092465,144.653632,papaya
74.94,45.71,33.05,25.83421,80.519619,6.887263,164.866971,rice
90.09,35.72,55.22,34.520429,93.570126,6.396673,58.937395,watermelon
118.86,35.73,40.13,25.117339,57.988223,6.026565,169.999059,coffee
1.43,133.49,215.43,3.97502,92.485327,6.935891,103.129909,apple
5.33,136.9,208.43,15.216464,89.932444,6.312266,62.630279,grapes
35.31,39.23,28.99,32.254587,56.941757,6.186673,84.620848,mango
11.94,18.78,36.46,29.736521,95.196515,7.976566,142.0625,coconut
22.35,57.44,17.21,22.418837,65.936502,6.789907,30.941749,lentil
32.68,57.43,22.68,29.229161,91.786033,7.189619,52.70809,mungbean
104.57,10.87,61.34,35.634265,92.157566,6.635377,26.01493,muskmelon
2.58,7.96,35.01,28.535202,91.642216,7.876817,157.070379,coconut
16.86,29.11,12.0,19.332388,96.985962,6.729294,121.730661,orange
92.19,28.86,45.01,37.209532,90.69369,6.682471,26.288655,muskmelon
18.46,20.87,5.24,19.134757,96.002243,6.952907,116.043207,orange
22.37,55.04,15.53,34.908658,60.645678,6.875131,190.23032,pigeonpeas
10.54,129.38,215.1,5.531841,92.069511,5.773214,116.734466,apple
1.7,58.94,78.2,20.311443,15.943337,7.148831,97.027467,chickpea
3.7,66.62,24.2,32.259616,65.031689,6.018385,85.289181,blackgram
113.93,20.65,36.58,31.256022,61.366829,6.565154,194.289678,coffee
37.61,96.85,22.99,23.780857,21.163401,6.129648,107.166906,kidneybeans
15.5,14.06,32.93,32.998575,91.259551,6.950981,145.082266,coconut
10.19,55.4,97.75,20.216382,16.471584,7.193342,75.967812,chickpea
17.5,68.25,16.22,29.169619,47.451513,5.865685,50.311302,mothbeans
11.06,41.21,27.24,25.941062,47.828882,6.145572,50.501297,mothbeans
19.14,108.04,223.26,9.091255,88.334328,5.635295,71.36002,grapes
9.04,67.51,97.83,20.026479,22.478505,6.580953,67.312351,chickpea
17.41,10.83,16.05,11.040907,90.187197,6.042261,105.107395,orange
18.41,63.83,25.48,24.847848,66.371365,6.892205,42.843404,lentil
9.63,54.52,19.74,28.979506,63.68677,7.498337,69.186093,blackgram
106.07,85.97,45.14,34.555279,88.026623,5.936255,149.865439,banana
16.58,17.85,34.5,27.669746,93.611332,5.787237,187.485616,coconut
2.67,26.5,13.65,11.115035,94.924694,6.646669,106.122442,orange
71.36,55.11,33.19,26.993733,86.656847,6.475188,163.566109,rice
0.56,30.09,22.66,28.049555,84.163737,6.920391,36.853094,mungbean
10.76,20.72,28.69,30.40581,92.697118,7.794306,194.713697,coconut
7.26,110.05,208.59,14.432589,87.206741,6.644781,65.480419,grapes
18.98,50.21,15.47,31.594489,53.961404,4.954874,47.499603,mothbeans
11.83,29.03,32.0,25.022895,95.468859,7.482137,124.696272,coconut
17.48,66.99,18.75,22.747904,20.377503,6.954898,110.375638,kidneybeans
14.76,27.8,43.38,26.570875,91.428676,7.264788,170.480791,coconut
31.81,49.13,23.88,25.698891,51.857322,6.610784,56.322943,mothbeans
113.61,91.45,61.46,30.483648,77.188398,5.618829,147.433149,banana
5.74,6.55,7.05,15.612174,94.785962,6.074502,105.566495,orange
84.52,38.22,62.0,25.658729,90.716799,6.469738,57.057818,watermelon
84.49,29.22,46.73,31.221147,62.475166,6.557967,189.37588,coffee
7.01,56.59,22.17,33.745056,67.500543,6.083088,61.595424,blackgram
109.0,30.37,45.88,29.6169,96.546747,6.103165,26.350928,muskmelon
111.18,41.98,46.25,27.900963,64.7463,6.483235,160.308266,coffee
100.24,33.39,49.2,30.009702,95.474231,6.671852,26.471875,muskmelon
18.58,121.35,205.91,14.058589,96.71854,6.941151,124.566922,apple
115.52,81.97,59.07,29.044477,83.999982,6.99723,149.071487,banana
83.83,46.94,23.11,20.536645,67.215403,6.330311,79.808325,maize
109.77,28.77,45.93,37.838395,94.699122,6.844183,24.381887,muskmelon
23.81,79.51,22.97,33.006718,68.927715,7.174632,86.223765,blackgram
8.29,125.95,198.06,4.215187,91.552918,6.017778,126.955173,apple
17.95,61.25,15.57,27.928468,61.840102,6.153555,82.434463,blackgram
12.71,43.32,17.38,28.587582,61.07147,3.700518,46.380241,mothbeans
112.58,17.24,55.34,31.269144,83.355494,6.516928,52.7689,watermelon
85.52,86.69,46.1,34.476983,88.528437,5.573401,140.298703,banana
112.3,17.04,63.66,33.730215,85.408813,6.305153,42.749734,watermelon
13.12,72.24,16.3,24.48837,62.962807,6.5431,66.485425,mothbeans
62.32,41.0,46.19,22.369195,88.444789,6.223859,265.294138,rice
5.21,10.8,28.54,31.894442,93.143662,6.165819,136.32723,coconut
33.82,20.81,28.7,31.403768,45.071273,6.232132,91.842149,mango
19.04,140.17,212.95,17.374326,93.78849,6.48328,73.167933,grapes
11.14,34.41,34.03,23.907552,85.026525,6.549268,119.46817,pomegranate
33.63,69.83,20.91,20.213829,21.424493,6.708725,153.709847,kidneybeans
3.65,100.34,200.99,24.561041,85.12855,6.256457,74.918716,grapes
99.16,63.79,54.01,27.471359,83.960168,7.181003,197.766727,jute
67.66,30.74,57.82,23.137451,83.075351,6.397716,151.097168,rice
127.83,38.84,24.19,29.248102,83.867034,6.958034,65.121201,cotton
5.36,41.88,16.3,29.278943,84.008287,6.51961,53.807332,mungbean
5.91,60.6,20.77,29.894299,71.78166,6.009135,97.298882,blackgram
19.44,71.81,19.87,22.695428,20.880359,6.397252,153.887205,kidneybeans
88.01,39.37,54.97,25.633351,83.874784,5.932492,252.374326,rice
10.01,143.2,203.79,17.557868,93.930599,5.744217,71.009712,grapes
18.13,121.56,195.97,4.903205,92.047161,6.575701,100.770181,apple
2.58,36.08,38.98,27.056098,87.262338,6.606796,170.205506,pomegranate
19.34,79.0,19.86,26.052576,58.292804,5.06722,127.563505,pigeonpeas
99.15,54.96,17.41,27.708847,62.614647,6.096288,89.237635,maize
79.65,66.79,12.16,26.790688,56.921905,5.730288,86.692001,maize
19.73,144.93,215.19,9.177853,95.439049,6.844831,115.579152,apple
2.28,96.22,19.68,34.822307,64.28734,5.285143,171.49243,pigeonpeas
12.06,8.37,36.0,27.696096,94.867894,5.084788,157.521875,coconut
22.5,80.09,29.77,27.479017,46.518967,6.123882,132.87856,pigeonpeas
79.23,50.9,55.71,34.545795,95.034804,6.640813,142.838531,papaya
48.08,71.9,59.27,41.458396,92.374518,7.887011,165.074949,papaya
27.5,51.89,71.46,18.118301,18.851852,6.328708,80.875057,chickpea
6.03,14.7,15.82,16.554078,94.914648,7.333499,113.688857,orange
77.6,46.59,49.62,26.788706,89.845781,5.932342,260.063025,rice
4.95,13.79,10.02,15.118298,96.018598,6.224085,110.221813,orange
25.09,59.07,21.61,23.685066,69.083875,6.568738,43.287265,lentil
20.41,40.45,26.75,27.4283,54.554856,4.875059,100.997962,mango
98.91,89.57,49.8,28.141666,81.275843,6.404769,147.349152,banana
100.09,96.47,45.48,30.015409,85.985931,5.782338,116.627434,banana
70.93,49.28,43.45,25.000353,85.935558,6.96134,197.014307,jute
11.62,141.38,217.53,22.215711,93.923477,6.454815,79.898455,grapes
65.5,57.14,47.38,35.677502,93.381907,6.521732,148.252874,papaya
2.79,132.02,197.76,1.769655,96.992102,5.889875,126.881449,apple
0.64,117.4,220.87,11.06889,82.120071,6.048146,68.563894,grapes
119.89,41.0,60.63,28.29345,80.988821,6.792667,51.943162,watermelon
121.49,36.61,16.77,24.042443,75.279155,7.444425,69.764236,cotton
11.69,98.6,25.62,23.494698,19.768656,5.948688,102.371417,kidneybeans
116.65,35.1,45.64,29.620994,81.286984,6.573751,50.179234,watermelon
18.62,57.14,16.25,28.902761,50.153742,5.339881,195.320377,pigeonpeas
18.93,57.94,20.65,19.662599,64.061035,7.067407,43.868261,lentil
97.55,46.02,62.38,31.441563,94.872063,6.660499,27.712119,muskmelon
111.59,91.98,47.57,25.344601,78.363515,5.891216,90.852782,banana
14.65,56.34,25.3,18.985375,67.880804,7.29183,50.128178,lentil
11.49,121.84,216.25,1.456352,92.997485,6.248237,124.931539,apple
23.5,83.22,21.56,24.805087,25.979007,5.740584,112.144317,kidneybeans
4.95,34.45,40.54,36.705167,59.226104,5.183413,81.176384,mango
65.39,65.81,14.81,21.607587,56.105408,6.036054,73.240359,maize
8.3,7.66,5.53,12.445043,93.346901,6.761524,106.527261,orange
23.36,17.22,44.17,30.050648,50.384589,6.059074,117.806621,mango
2.99,25.14,29.33,25.781493,95.24655,6.824378,151.555419,coconut
96.13,51.62,58.9,25.474036,88.668014,5.671156,259.862025,rice
10.61,25.49,17.19,13.898331,95.470061,6.309364,115.096865,orange
114.77,19.5,35.4,30.601234,61.114231,6.822348,159.513448,coffee
102.99,40.07,24.1,27.005658,79.576902,7.495353,87.075914,cotton
37.27,89.27,28.84,34.166803,57.987852,6.856477,141.67041,pigeonpeas
6.22,53.87,27.18,33.187018,71.081391,7.440796,70.821585,blackgram
115.81,41.6,48.95,31.720795,95.461682,6.527092,21.744919,muskmelon
10.86,44.3,22.18,29.939097,92.274341,7.155839,30.565547,mungbean
90.96,38.15,38.12,27.440181,66.803377,6.616783,177.827076,coffee
75.33,51.89,46.59,26.55298,87.803015,6.219054,206.453921,rice
98.85,35.45,53.57,37.621352,94.938095,6.001274,20.232795,muskmelon
72.32,64.1,43.14,33.712345,95.901201,8.057231,150.081447,papaya
68.77,52.86,48.57,36.521909,95.010245,6.898449,173.159455,papaya
18.2,54.72,21.91,26.306453,86.769689,6.617484,35.631478,mungbean
4.88,116.89,214.72,17.475566,85.529827,5.751116,70.109644,grapes
38.93,32.48,33.59,32.659369,55.036148,5.587384,97.908392,mango
25.53,38.38,18.38,32.791385,85.431099,6.107381,31.092958,mungbean
30.07,62.55,70.91,18.047123,18.827039,6.105929,74.770914,chickpea
76.56,49.53,11.17,18.298348,61.929573,5.528551,68.274388,maize
16.6,35.21,30.55,27.024081,50.167443,6.261981,95.724531,mango
7.41,32.41,45.07,30.332467,93.138613,6.999463,188.574515,pomegranate
5.97,28.02,44.27,27.288434,96.163169,5.416754,180.922913,coconut
8.24,27.16,37.71,32.76448,55.847409,6.591011,96.365613,mango
87.07,41.98,10.02,20.122771,72.89023,6.469436,68.598018,maize
12.51,21.53,27.91,30.525246,91.702392,5.049355,189.352887,coconut
15.41,79.86,17.29,29.706476,54.668374,6.294513,67.258533,mothbeans
92.69,88.35,62.03,28.045964,81.758104,6.498381,97.828053,banana
6.47,13.08,40.27,28.480155,94.737159,6.337663,168.624373,coconut
73.19,34.34,33.1,24.113512,81.70593,6.88768,237.159171,rice
38.79,59.53,23.88,27.571505,55.858834,5.64091,128.346555,pigeonpeas
105.04,20.44,34.8,28.826154,59.877961,6.760331,169.305397,coffee
30.15,61.4,73.4,23.765595,19.720791,7.185464,77.85558,chickpea
1.95,6.31,26.29,26.04752,95.850081,6.631031,195.791055,coconut
26.2,64.45,29.69,25.980798,61.584423,6.188192,124.485475,pigeonpeas
49.59,76.64,43.81,39.423778,90.079386,7.81184,145.712618,papaya
82.66,19.73,51.02,32.243521,93.31191,6.291472,27.904504,muskmelon
29.49,69.88,20.22,27.85509,87.436985,7.284863,51.857809,mungbean
64.95,57.83,41.93,22.106641,84.88584,6.494296,293.343489,rice
83.4,20.88,44.76,29.826652,63.428547,6.820585,193.311583,coffee
32.67,58.24,23.24,30.496338,69.03961,6.083229,66.74475,blackgram
19.18,33.64,40.61,25.654228,94.718847,5.771572,184.958526,pomegranate
17.73,120.19,202.94,3.801774,90.93392,6.047376,126.159334,apple
106.49,31.01,54.28,31.805605,89.157417,6.489981,42.533227,watermelon
13.91,76.5,86.87,24.684696,18.080036,6.350164,92.484918,chickpea
101.0,15.91,63.38,25.265496,89.437583,6.103089,42.922014,watermelon
113.88,76.42,60.81,30.544597,80.660877,5.71858,149.861478,banana
98.43,24.43,37.14,30.948212,58.102585,6.367172,199.565098,coffee
91.53,34.14,46.8,27.551381,66.047061,6.415833,179.438303,coffee
13.56,85.19,18.07,18.842247,24.992259,6.646316,111.987696,kidneybeans
8.71,74.67,20.19,34.152378,50.317653,5.460201,56.098453,mothbeans
91.7,30.81,50.17,29.35344,82.192031,6.565395,44.905674,watermelon
19.95,58.65,17.7,33.783829,70.652504,6.858245,95.177386,blackgram
99.28,103.86,56.38,27.898917,85.553809,6.730097,117.926439,banana
128.94,53.46,23.89,28.126401,82.364593,7.608162,76.690646,cotton
1.8,87.4,16.08,23.329195,23.804678,6.038807,100.656083,kidneybeans
76.13,56.85,20.8,23.089342,73.141727,6.128951,92.35359,maize
87.38,35.58,49.2,33.530874,95.843684,6.38982,23.784722,muskmelon
16.94,14.08,15.44,15.892459,92.43046,6.414607,119.582293,orange
18.2,30.34,37.93,30.000437,94.152752,6.45166,181.974849,pomegranate
89.8,62.94,21.44,22.806076,64.129044,5.860339,92.24096,maize
107.72,46.84,49.51,30.021001,94.987791,6.501395,25.991612,muskmelon
15.84,106.55,213.72,20.529373,84.499496,6.811866,66.094232,grapes
75.22,58.62,40.0,35.317578,93.412797,8.142556,162.515182,papaya
81.76,42.83,58.13,30.497357,91.416937,6.357678,28.284029,muskmelon
15.55,26.44,7.17,13.370199,91.026019,6.430039,107.176133,orange
100.15,10.42,62.95,33.438905,95.776074,6.655511,27.966936,muskmelon
90.63,56.15,61.51,27.460374,80.570516,6.962044,199.95615,jute
15.95,143.94,203.68,10.549017,82.030952,6.396216,70.942061,grapes
85.8,38.77,40.09,26.07231,81.73543,7.055667,184.257972,jute
72.93,49.12,54.7,26.9427,81.14218,7.096454,164.30337,jute
107.93,42.92,37.75,25.695154,66.491323,6.010479,189.408732,coffee
101.09,47.78,15.36,27.741543,84.358083,7.814976,66.171363,cotton
11.51,25.05,45.41,33.576792,92.692436,6.56496,164.518596,pomegranate
124.4,40.3,17.25,26.263689,78.608951,7.353151,62.252286,cotton
30.61,54.85,28.5,24.531309,17.617588,6.537771,137.897713,kidneybeans
13.9,14.08,5.24,19.880226,93.733649,6.59082,115.565497,orange
112.33,25.95,39.96,25.841137,66.312501,6.15364,194.007077,coffee
6.63,90.98,15.48,21.539717,24.8366,6.533128,131.964426,kidneybeans
19.28,126.66,190.28,8.427606,93.23324,6.467922,75.26145,grapes
15.85,122.04,195.24,14.094596,82.479577,5.669322,65.526156,grapes
39.37,64.08,85.53,20.791462,24.852916,5.687616,76.494997,chickpea
37.64,19.26,30.19,33.911072,55.652287,4.901922,112.565246,mango
16.8,12.36,34.0,26.333784,94.394611,5.789171,187.543824,pomegranate
67.32,59.84,64.24,39.888117,94.717262,6.945823,157.958121,papaya
21.06,58.5,27.27,23.257459,19.371044,6.894398,106.911163,kidneybeans
103.51,41.9,37.37,26.245912,58.218731,6.846057,155.392443,coffee
7.9,26.44,38.87,31.120692,89.187292,6.268289,161.697325,pomegranate
8.61,67.54,24.58,33.996007,83.311254,6.934276,55.483855,mungbean
76.87,59.35,61.85,37.529657,93.232142,7.739023,147.526368,papaya
30.71,94.66,24.79,19.119693,19.658517,6.869977,105.32407,kidneybeans
27.79,50.95,20.17,24.993948,54.967481,4.053588,52.962713,mothbeans
18.73,19.51,37.24,30.168014,93.881475,7.003026,172.40282,coconut
14.06,79.85,27.02,24.006757,63.642014,7.027022,36.703339,lentil
4.53,25.0,30.65,25.595372,92.456595,5.717434,106.289124,pomegranate
35.05,23.06,26.4,32.998678,46.606059,5.19166,100.287456,mango
4.22,71.38,27.83,22.995821,64.366472,6.623891,57.020451,lentil
33.07,60.56,23.06,29.456,60.08775,6.861693,89.900236,blackgram
87.37,73.66,48.39,32.835307,88.707466,6.888173,107.892947,banana
95.31,28.6,53.5,25.684751,83.304222,6.064808,42.305712,watermelon
102.95,103.48,60.38,31.761505,78.952339,6.218321,110.126152,banana
97.96,42.45,52.63,34.826806,85.471801,6.497667,49.490512,watermelon
13.84,6.11,17.45,19.618251,94.25346,7.434763,112.391855,orange
97.42,54.03,12.95,21.77206,62.88214,5.696663,68.143575,maize
33.84,51.29,26.25,20.055908,68.980317,6.747678,34.66199,lentil
91.67,109.19,49.42,28.691427,81.440563,5.687596,112.96949,banana
15.33,88.63,27.04,18.997387,22.477938,6.938644,124.128284,kidneybeans
56.55,83.71,56.06,36.887067,91.582049,7.460844,145.7048,papaya
0.24,33.0,21.46,25.819199,85.307985,6.983237,39.25846,mungbean
17.42,21.59,33.72,31.490234,96.544894,5.298132,139.496882,coconut
131.35,51.45,20.18,23.294666,81.57495,7.28519,63.74622,cotton
12.17,28.85,45.56,25.504901,85.701269,5.92001,115.441943,pomegranate
49.84,60.13,42.73,39.485458,92.070912,7.53656,151.628525,papaya
99.54,64.55,21.12,22.687593,58.057542,6.880999,77.069353,maize
110.56,38.7,18.94,29.107971,78.470599,6.297645,75.678986,cotton
8.63,118.8,203.53,14.461736,90.821096,6.807813,109.814832,apple
17.33,110.68,210.86,10.670732,94.374153,5.878306,74.532703,grapes
94.22,19.2,40.01,27.660306,68.637002,6.480059,189.445114,coffee
88.94,23.81,40.77,25.867063,62.046685,6.255822,193.426511,coffee
94.85,34.23,61.09,26.642772,83.760521,6.607178,58.797596,watermelon
99.83,47.11,56.51,26.440339,78.482854,6.954823,171.404464,jute
8.33,74.36,28.71,34.10664,63.359016,6.46611,66.424911,blackgram
10.37,23.5,31.76,33.048246,53.75348,5.139279,88.256971,mango
133.93,48.84,20.82,26.341495,82.626209,6.829984,85.558188,cotton
68.58,42.26,55.6,21.637576,80.583027,5.922076,194.039064,rice
19.44,24.41,8.26,11.126516,91.464436,6.634142,107.100911,orange
9.71,132.53,208.34,20.935819,92.404733,5.534834,61.582641,grapes
7.11,71.94,29.36,28.026633,74.79242,6.567564,67.98894,blackgram
9.0,48.86,27.63,34.152772,85.638983,6.231365,51.604213,mungbean
113.73,35.03,53.33,26.700861,91.177061,6.945475,47.616194,watermelon
79.26,68.78,19.79,22.955066,57.213841,5.878654,74.738697,maize
1.09,55.53,26.97,20.718969,73.220831,7.135429,48.705863,lentil
39.47,72.92,16.39,23.058083,18.139074,6.627279,130.46062,kidneybeans
0.64,120.19,213.95,23.125427,84.488452,6.961325,76.89083,grapes
64.72,58.86,57.26,24.89795,82.6587,6.953765,266.812636,rice
15.74,13.64,12.43,16.738951,95.755797,6.451814,106.27662,orange
20.23,79.46,78.39,18.723961,22.197242,5.76231,67.943347,chickpea
10.34,100.23,212.3,9.832835,87.181226,5.890475,67.847659,grapes
90.68,30.27,45.46,29.299461,93.627756,6.309672,29.656698,muskmelon
9.05,118.92,211.23,10.868678,96.271836,5.909417,118.923288,apple
10.65,70.09,21.48,21.360278,72.735985,6.725242,30.829925,lentil
24.6,75.61,24.04,31.639861,52.848053,4.059085,49.617522,mothbeans
35.95,69.03,16.91,31.693661,54.749049,6.715793,64.205033,mothbeans
80.89,46.43,12.09,19.884743,61.882822,5.645215,107.36599,maize
11.19,51.28,84.58,19.989744,21.164685,5.717334,60.551094,chickpea
13.21,39.68,46.74,28.351327,90.730119,6.253834,159.977966,pomegranate
83.06,19.79,62.65,24.414587,91.050045,6.291944,49.052796,watermelon
3.45,20.36,11.24,16.758595,92.606994,6.769268,105.638741,orange
24.33,78.36,22.63,32.05551,58.287189,4.326937,48.499175,mothbeans
71.57,47.73,18.79,22.099824,59.377132,6.724084,103.028496,maize
35.28,85.01,22.08,28.215841,46.717724,5.489254,101.118675,pigeonpeas
13.35,32.4,41.8,31.133197,90.614813,6.925743,122.496825,pomegranate
20.83,70.31,27.33,26.576015,47.070205,6.005991,167.188759,pigeonpeas
3.32,117.66,196.76,18.124168,81.524232,5.904879,73.310413,grapes
8.15,44.46,16.8,34.98944,53.596972,3.506754,68.587864,mothbeans
0.11,64.94,23.33,21.006845,19.448407,6.190056,110.891386,kidneybeans
9.66,50.6,20.5,31.892715,62.193649,5.841631,56.414988,mothbeans
84.97,60.43,56.05,23.510284,82.339929,6.828886,187.735877,jute
19.26,131.01,208.77,1.980747,93.592682,6.916332,118.08674,apple
105.19,37.04,24.94,23.062187,82.081948,7.222131,76.576531,cotton
28.78,75.61,26.82,24.175542,70.200913,6.56764,35.49421,lentil
115.81,23.16,32.58,27.550944,68.197736,6.927417,191.105311,coffee
83.41,79.28,64.24,34.623452,80.728783,5.988687,120.600635,banana
5.13,101.44,218.88,16.601849,84.899497,5.517144,60.706549,grapes
12.4,48.55,27.67,33.026459,83.514897,6.186673,42.501968,mungbean
44.65,59.89,45.32,39.597501,91.508942,6.932197,141.129385,papaya
96.95,53.14,19.59,18.023088,74.86737,5.921345,63.103155,maize
82.61,29.2,34.04,29.310543,55.568653,6.167669,164.431635,coffee
101.24,20.0,58.04,31.627864,81.275892,6.373927,54.887546,watermelon
31.93,98.1,28.13,26.535779,60.533774,5.295894,191.338111,pigeonpeas
0.38,67.1,24.5,34.152613,66.205825,6.861701,78.999898,blackgram
5.03,52.14,20.16,34.399826,89.529353,6.780533,53.941185,mungbean
37.2,70.1,98.85,19.070685,19.549998,7.219062,77.930094,chickpea
29.24,63.27,17.49,25.449642,62.464799,6.387011,103.994647,pigeonpeas
90.0,40.39,33.72,20.286629,87.773431,6.23455,297.831025,rice
89.93,42.79,26.13,28.896643,64.333975,6.5773,191.675688,coffee
111.93,26.62,34.49,29.402809,57.206411,6.118211,166.241238,coffee
65.51,49.13,18.29,18.969779,71.915939,6.425134,87.11822,maize
17.25,12.12,19.42,19.315386,93.038676,6.34285,125.045581,orange
87.19,31.33,59.46,28.940606,96.890957,6.336701,26.424154,muskmelon
3.32,116.34,205.5,10.033122,96.305364,6.325563,120.291044,apple
41.16,76.02,62.23,41.980098,93.139898,7.020282,169.858626,papaya
11.05,65.1,19.41,28.436459,66.791263,6.758601,99.37256,blackgram
102.44,26.07,59.74,29.80501,94.637766,6.055123,40.685715,watermelon
29.97,63.34,73.23,18.017808,16.075834,7.201042,77.851294,chickpea
4.59,13.84,12.31,12.694367,93.924455,7.317622,116.311824,orange
13.82,20.24,43.2,30.372723,93.611435,5.660294,102.251884,pomegranate
52.16,82.38,63.26,38.67989,94.365411,7.280007,140.436931,papaya
2.08,107.28,200.93,6.044808,93.339111,5.867997,101.98646,apple
16.9,78.02,20.14,20.596977,19.171829,5.623642,129.793894,kidneybeans
15.07,91.34,17.08,21.855534,23.207857,6.802355,122.174296,kidneybeans
82.29,35.01,58.06,30.123741,83.686437,6.810765,41.51372,watermelon
86.28,42.57,58.02,26.320178,77.612992,6.300259,165.048257,jute
31.61,19.4,41.09,28.857284,59.50735,6.214969,83.60473,mango
17.62,11.55,54.33,30.853448,88.127286,5.90895,129.608792,pomegranate
26.32,62.81,25.98,25.91848,72.4498,6.306283,97.757904,blackgram
117.6,56.54,17.62,27.46264,77.48843,7.272634,61.450339,cotton
29.14,52.16,15.07,24.565456,25.539864,6.634755,128.298411,kidneybeans
2.39,16.58,39.89,27.964444,91.020899,6.9223,144.094417,coconut
60.91,32.7,51.67,23.233141,81.612718,6.251567,172.846815,rice
2.37,80.79,19.03,20.116368,61.299588,7.33863,46.821864,lentil
86.24,48.67,21.02,23.664207,66.018175,6.74282,95.526639,maize
37.12,69.67,81.15,21.815976,22.112667,5.643701,80.627498,chickpea
93.39,21.67,51.93,31.695088,90.980026,6.355948,24.46747,muskmelon
2.36,15.67,12.81,10.799184,93.238289,6.977506,118.422647,orange
16.97,20.48,47.74,23.194836,94.305439,7.404063,115.269369,pomegranate
2.96,67.87,76.36,17.693692,16.446047,6.381925,89.716252,chickpea
11.69,55.35,29.42,17.838382,67.935159,6.772569,37.92422,lentil
98.13,44.91,18.32,20.077173,60.063692,5.545082,65.947666,maize
37.99,87.43,28.14,19.228235,19.881449,6.052516,132.230359,kidneybeans
4.0,23.26,43.97,27.217453,96.672072,5.975821,164.627773,coconut
84.31,48.14,63.12,36.263963,96.24948,6.146688,25.037218,muskmelon
119.12,21.19,51.14,25.39817,91.327463,6.924143,55.795011,watermelon
32.52,75.25,23.21,33.018736,55.180895,5.160855,65.962956,mothbeans
96.67,49.65,19.12,22.650141,63.009025,6.297829,69.361947,maize
99.39,50.85,22.2,21.183991,70.98427,6.401101,70.817785,maize
32.07,77.39,22.13,31.021157,55.239036,6.478629,52.940788,mothbeans
19.09,69.77,76.29,21.545339,20.07379,7.173226,64.346284,chickpea
6.45,59.06,17.17,34.219213,67.694317,6.935363,74.299527,blackgram
84.4,52.52,47.32,23.021501,83.992052,7.108324,161.761966,jute
72.8,70.98,57.64,33.935245,95.916466,7.930523,144.198859,papaya
1.46,77.81,18.24,25.743113,22.835579,6.130334,111.286254,kidneybeans
98.86,13.34,45.36,35.252579,91.200547,6.187812,24.238072,muskmelon
12.4,19.79,17.47,15.922669,96.645596,6.471577,111.937642,orange
14.13,68.46,18.27,31.629277,71.502923,6.249954,61.754331,blackgram
29.87,62.09,23.42,18.354402,72.290993,7.317272,56.323587,lentil
93.51,48.53,14.56,26.743343,55.479407,6.280686,83.183786,maize
6.89,77.19,15.65,30.216629,55.772221,4.377131,53.583152,mothbeans
0.06,22.84,30.31,33.737092,92.059945,6.666029,120.158951,pomegranate
34.73,44.39,20.71,29.565609,53.917205,3.880053,44.605849,mothbeans
119.83,46.95,62.42,27.067682,94.499725,6.927897,50.68745,watermelon
97.15,30.03,49.0,29.034541,92.745797,6.800955,43.260971,watermelon
12.01,47.25,19.48,32.631871,84.94319,6.127162,42.413994,mungbean
74.18,59.12,56.79,25.448684,81.946387,6.200082,156.570565,rice
92.26,45.53,53.22,31.758875,96.398481,6.83674,29.664136,muskmelon
5.61,98.19,23.92,31.416604,59.198528,6.408238,181.981111,pigeonpeas
67.58,33.9,44.27,21.588365,86.69814,6.155728,274.901729,rice
84.2,36.14,37.28,30.665848,61.865121,6.414811,168.448344,coffee
24.97,59.04,24.31,28.551166,54.522916,4.516082,53.195599,mothbeans
7.68,57.02,92.48,19.117694,24.046137,5.780111,87.108345,chickpea
112.76,98.56,48.08,25.483674,84.808318,6.463387,112.165457,banana
22.49,66.12,24.73,32.561965,53.644503,4.457218,40.467421,mothbeans
27.12,70.92,67.54,23.361858,24.566889,6.943673,96.7144,chickpea
20.19,88.74,20.02,24.126234,70.795318,7.428528,57.234062,lentil
103.08,25.99,61.67,31.682418,80.341122,6.776694,50.139976,watermelon
15.05,32.36,39.21,28.95375,59.163622,5.390432,96.77499,mango
85.11,63.36,61.52,24.089635,78.070518,6.31738,154.810469,jute
64.58,70.01,45.95,35.634928,92.74461,7.491042,153.659064,papaya
1.1,81.09,16.75,23.726225,67.937643,6.561129,54.997351,lentil
42.38,68.81,52.61,39.935864,94.482027,8.242517,167.404401,papaya
83.31,42.63,50.25,29.956328,89.585583,6.962305,49.876234,watermelon
31.07,82.42,88.47,17.822382,19.225247,6.706812,69.822642,chickpea
13.24,37.81,18.98,27.729337,87.366388,6.488945,38.138222,mungbean
107.21,29.06,59.89,29.343285,93.124457,6.335537,24.596552,muskmelon
10.34,83.15,16.78,26.433463,25.052557,5.778962,119.395953,kidneybeans
0.43,34.92,17.34,33.78929,87.09978,6.412398,42.872253,mungbean
63.87,77.56,56.34,38.117392,96.762525,7.445477,170.104778,papaya
22.95,63.25,22.04,31.508123,47.563641,6.861189,150.57247,pigeonpeas
18.04,48.29,22.86,27.082531,60.760104,4.887259,59.162667,mothbeans
89.62,22.33,27.7,29.979556,57.793057,6.197668,162.636347,coffee
35.7,57.66,29.28,28.138867,87.8339,7.112536,37.28337,mungbean
106.94,44.27,61.4,28.681957,80.721393,6.931169,47.917702,watermelon
10.74,100.65,199.96,24.823403,80.860987,5.97909,66.428429,grapes
6.79,57.81,62.32,24.594348,18.431676,7.168242,87.253179,chickpea
116.37,14.64,51.1,27.967218,90.249196,6.787745,59.220408,watermelon
1.36,26.97,43.57,30.738946,51.198495,6.059903,112.066992,mango
12.26,9.53,9.89,11.957095,94.876645,6.774859,122.083033,orange
10.57,16.56,16.71,12.400901,91.399896,6.711278,101.515131,orange
97.84,39.04,47.34,24.898432,86.492332,6.910892,172.265848,rice
72.69,58.59,38.73,23.6054,82.559651,6.904065,174.691173,rice
7.59,130.82,198.67,15.824579,89.672954,5.983483,78.975452,grapes
89.05,53.83,19.9,23.996954,64.455679,6.925092,77.135682,maize
18.03,70.05,21.97,27.781976,51.186479,4.473514,67.835437,mothbeans
23.12,80.18,20.55,23.940652,65.595222,6.673309,47.521451,lentil
120.99,41.92,16.72,24.90106,82.806274,6.649182,80.836844,cotton
71.12,51.09,49.01,26.872642,86.203577,6.216259,264.214884,rice
14.84,105.4,218.26,9.712336,92.371784,6.826046,116.967001,apple
11.55,29.59,6.42,15.478807,94.147764,6.461503,101.408597,orange
17.06,126.82,192.36,16.040644,81.354975,6.109321,68.070403,grapes
17.57,67.08,17.07,31.986336,64.482192,5.056688,174.044535,pigeonpeas
0.46,10.14,41.55,26.532132,91.996955,6.887206,134.739425,coconut
106.36,19.23,38.75,30.190775,55.510627,6.333665,194.508064,coffee
9.25,8.94,12.78,19.227317,91.402853,6.16078,124.758297,orange
10.6,19.45,15.49,16.387346,90.056976,6.947787,109.671638,orange
38.32,79.28,26.72,21.395537,17.111575,6.264602,130.431407,kidneybeans
115.21,37.83,23.67,27.908916,75.413089,6.231573,62.895434,cotton
102.82,17.45,59.46,24.805675,88.868,6.436259,45.005732,watermelon
107.6,84.27,46.35,29.027951,78.908835,5.987395,99.777435,banana
100.57,101.48,58.17,31.014357,87.228986,5.602395,131.453208,banana
102.6,38.16,56.24,34.9352,90.000092,6.059442,26.984624,muskmelon
12.91,25.3,6.93,16.161867,95.416877,6.468608,102.391467,orange
17.59,131.07,196.02,16.343337,90.828563,6.906015,72.686424,grapes
34.8,65.28,16.61,30.742973,83.868102,7.029194,57.492997,mungbean
12.79,64.7,23.15,22.493522,22.793664,6.925003,117.113265,kidneybeans
3.65,105.73,215.51,21.216398,90.084103,6.664294,73.874431,grapes
93.45,59.67,46.68,25.873488,89.903217,5.712394,217.236842,rice
70.5,58.1,37.23,20.859306,88.311127,5.729926,176.890246,rice
67.95,79.28,58.79,34.716803,92.44336,7.284508,166.179993,papaya
35.13,52.88,23.57,27.059785,47.853354,6.0825,45.130104,mothbeans
8.93,64.64,17.24,28.499992,70.759661,6.261693,83.254052,blackgram
99.47,51.53,58.54,20.82935,88.505337,6.455611,168.288252,rice
6.62,56.34,29.88,27.354752,92.867409,6.417925,49.436998,mungbean
0.56,96.38,18.97,18.356042,17.974245,5.860373,116.43437,kidneybeans
17.4,59.66,23.88,25.255318,60.111846,7.277463,61.856962,blackgram
5.86,47.28,19.26,26.188275,88.144503,6.24845,47.716122,mungbean
65.59,36.0,30.22,25.508471,86.648509,6.557748,267.109355,rice
12.47,75.67,24.22,17.083185,69.115433,7.23485,53.061901,lentil
82.18,82.56,55.74,28.398143,82.151014,5.896474,97.804985,banana
9.39,77.41,21.39,25.15973,21.400085,6.250991,159.345516,kidneybeans
71.53,52.05,36.07,24.863587,88.607191,5.698154,242.156961,rice
61.26,76.27,41.01,41.555942,96.695007,7.05228,161.990342,papaya
94.51,40.04,17.62,22.89502,61.661883,6.146991,99.029057,maize
21.58,74.07,23.57,18.441666,20.638488,6.374467,135.111481,kidneybeans
88.85,97.32,63.39,27.991391,79.823387,6.781361,143.602549,banana
33.94,59.11,62.02,23.939388,17.363803,6.737833,90.398675,chickpea
32.89,75.93,91.27,20.425359,21.017304,7.212458,85.242618,chickpea
33.6,32.64,44.32,34.197119,55.153131,5.403554,80.090343,mango
102.22,10.3,48.77,37.31278,94.229214,6.929547,23.1012,muskmelon
98.58,26.76,54.82,34.207817,87.174866,6.514626,57.733642,watermelon
2.57,60.51,17.64,31.620883,73.185058,6.454132,73.315305,blackgram
117.41,86.06,54.36,30.286019,78.980498,6.945486,144.689232,banana
91.85,47.47,46.33,24.457714,82.34127,7.230865,185.075016,jute
106.78,25.84,46.17,28.341689,65.037522,6.883865,185.726464,coffee
7.27,23.63,42.16,28.411366,95.602629,5.380642,153.222682,coconut
120.34,37.83,20.98,28.041258,81.109678,7.491932,63.566738,cotton
36.33,75.6,25.19,26.645209,53.716969,4.239273,43.857655,mothbeans
15.81,79.88,74.86,18.510691,16.150454,6.320098,79.176683,chickpea
30.25,42.86,23.83,30.157302,92.529125,6.183022,33.42789,mungbean
49.71,85.44,54.42,33.419288,94.929785,7.513365,169.90826,papaya
36.28,62.94,23.69,25.840204,62.599403,4.392561,61.742087,mothbeans
114.47,39.64,20.7,29.391196,78.166076,7.016125,85.856418,cotton
0.56,43.38,17.29,27.184113,92.473003,6.904807,35.29373,mungbean
89.64,35.27,55.98,28.044495,96.960405,6.814329,24.864713,muskmelon
94.51,70.79,46.18,28.517983,81.93158,5.750307,101.359698,banana
16.11,109.65,221.7,10.599685,90.383039,6.698931,115.193006,apple
86.25,31.08,30.16,20.361605,86.059252,6.702223,185.782923,rice
90.56,34.66,54.71,29.114506,95.493186,6.425859,26.108343,muskmelon
84.88,55.74,30.14,23.602405,86.772874,5.544411,210.203334,rice
18.19,33.32,23.69,29.085167,91.730785,6.510517,56.246916,mungbean
86.85,37.08,45.5,25.761952,93.539122,6.997543,49.75181,watermelon
129.48,41.83,17.35,25.094083,83.80932,6.794331,67.312816,cotton
24.59,66.69,82.87,18.228638,22.13747,5.650035,89.191231,chickpea
91.74,29.96,48.25,34.586179,86.704165,6.352279,40.583932,watermelon
3.87,61.64,27.55,19.312491,19.040288,6.322921,112.907873,kidneybeans
89.07,32.41,50.08,30.284922,82.575832,6.941233,57.73835,watermelon
15.56,24.22,36.68,34.396988,94.086751,6.560137,141.896835,coconut
1.84,89.7,18.72,19.475469,63.740036,6.767533,46.579841,lentil
6.43,118.57,220.23,8.374953,86.508893,6.520071,62.208309,grapes
16.77,22.91,7.23,19.779273,95.506104,6.859083,104.956928,orange
69.67,57.08,18.85,26.494353,55.094828,6.780054,90.955954,maize
93.74,57.08,59.39,25.614181,87.794775,6.463725,266.849453,rice
95.5,51.84,14.79,24.087411,66.619787,6.11371,90.088738,maize
31.19,67.84,97.23,21.897768,14.386936,5.815047,68.232792,chickpea
86.31,42.56,53.23,24.69862,83.336378,6.84755,264.379822,rice
15.61,57.11,19.2,31.544135,60.455111,6.189809,58.832563,mothbeans
77.12,48.33,49.04,22.882676,84.087831,5.826443,238.245937,rice
108.09,42.66,60.3,32.479312,93.327606,6.084179,53.943831,watermelon
16.91,12.34,35.6,26.922661,91.942038,5.19501,171.40852,coconut
76.35,52.95,19.5,27.267694,73.655592,6.087238,76.463123,maize
81.19,56.1,16.52,19.317548,57.513277,6.928375,84.101538,maize
39.64,55.27,26.94,23.435955,69.665603,6.778861,58.954448,lentil
20.05,75.88,19.89,26.281623,74.733462,7.015108,94.027625,blackgram
66.61,47.6,12.4,26.519332,66.684557,6.602694,74.801643,maize
63.36,37.31,55.31,24.463121,86.491491,6.505305,264.435453,rice
77.17,59.88,45.26,25.137657,87.005022,6.453217,171.626894,jute
11.29,15.7,39.39,29.578649,90.89768,5.322468,146.076534,coconut
5.12,53.96,25.47,26.437143,52.19633,3.581519,44.60565,mothbeans
10.67,11.49,33.26,29.203047,92.742281,7.67585,162.917089,coconut
13.04,21.93,50.05,34.122358,95.527445,6.351186,126.432722,pomegranate
62.7,41.58,10.01,22.363167,70.492478,5.552258,92.61288,maize
35.43,58.64,81.25,23.23416,16.702697,5.961493,61.087285,chickpea
93.48,41.07,46.91,32.14397,84.236887,6.135642,53.563824,watermelon
13.25,75.44,17.86,26.930075,55.834771,5.257755,168.889701,pigeonpeas
119.03,19.42,49.03,30.829628,88.342799,6.225851,53.407297,watermelon
26.21,84.17,26.74,23.857924,71.401032,7.203239,30.304127,lentil
108.66,40.88,64.51,28.181765,96.665661,6.39159,28.379924,muskmelon
74.62,32.02,36.06,20.123681,84.532799,6.45181,201.493869,rice
112.87,34.25,27.39,29.738078,59.246516,6.069265,182.296501,coffee
26.75,60.5,25.67,17.384868,68.440546,6.891449,53.909142,lentil
12.07,79.74,29.09,26.256533,66.226611,6.97327,89.339632,blackgram
97.4,29.92,64.75,30.351725,90.136869,6.111373,22.445019,muskmelon
91.5,45.56,18.43,19.018942,68.058443,6.933024,85.636603,maize
7.37,83.6,20.7,34.242804,60.294484,5.894768,174.951498,pigeonpeas
60.59,54.82,55.7,22.605831,81.536129,6.401261,167.950883,rice
32.86,57.7,26.3,25.488101,61.794404,5.18196,47.793947,mothbeans
89.02,44.64,59.97,35.737611,90.274371,6.91513,25.747384,muskmelon
112.93,31.63,48.87,34.796408,90.539827,6.218955,27.921575,muskmelon
3.09,132.82,212.5,9.186704,81.725642,6.45077,71.422322,grapes
2.29,21.85,41.67,22.910463,89.522685,6.383246,110.908996,pomegranate
99.06,17.1,54.76,25.125442,93.088042,6.560537,48.090118,watermelon
89.1,61.47,38.42,26.78772,94.312804,6.073465,161.152283,jute
114.6,51.86,15.14,29.114558,76.02439,7.999427,78.842479,cotton
119.55,39.36,21.07,23.813493,76.976319,7.607778,67.05501,cotton
14.31,73.27,25.43,31.658537,72.441428,6.415695,73.587349,blackgram
10.17,20.02,34.23,24.647244,95.033507,6.117939,197.475933,pomegranate
20.13,99.54,15.18,23.008375,21.610601,6.711171,121.316892,kidneybeans
18.55,61.58,91.84,24.260839,22.829927,6.032062,70.965376,chickpea
76.76,68.22,49.77,35.082764,91.526437,7.97222,142.812569,papaya
33.31,62.13,77.59,24.884969,24.835514,7.312214,91.937934,chickpea
102.8,10.53,54.31,33.281855,93.920864,6.342555,52.848732,watermelon
96.96,33.32,64.75,30.449986,94.010844,6.61096,25.491072,muskmelon
70.93,41.52,18.92,20.947552,68.272421,6.754368,60.908027,maize
83.76,22.06,40.16,25.686949,60.561464,6.624552,190.124526,coffee
9.84,54.48,28.52,30.669292,84.325511,6.517149,47.711076,mungbean
38.34,78.4,85.42,22.951958,19.847742,6.452268,77.98129,chickpea
58.76,56.39,44.46,38.43136,95.25711,7.77292,151.52494,papaya
117.66,26.83,43.73,27.310208,69.299521,6.036474,170.899349,coffee
83.61,41.91,38.24,26.205903,81.875937,5.627217,201.289041,rice
90.73,36.44,62.46,34.096114,91.488786,6.049166,20.44614,muskmelon
76.76,58.99,47.88,26.531163,88.043609,6.201072,267.714517,rice
80.1,36.13,37.61,23.109195,80.8803,6.080267,171.157984,jute
128.13,52.32,21.69,26.613031,84.66826,7.00355,85.148912,cotton
33.72,57.56,26.65,28.765387,51.066753,5.346048,199.601576,pigeonpeas
8.17,71.79,17.95,27.912633,67.598172,6.730065,84.033975,blackgram
80.16,35.06,50.66,32.943707,92.084044,6.996261,22.308423,muskmelon
13.11,10.83,36.46,34.794187,92.211733,5.104833,131.425809,coconut
90.96,43.17,55.76,24.881576,80.941773,6.963434,264.170955,rice
17.2,12.65,9.07,19.975372,94.090751,6.184565,107.965749,orange
18.52,26.19,38.32,31.348217,56.690125,5.56498,89.430847,mango
4.82,15.84,31.96,32.654357,50.271639,6.855169,90.188409,mango
113.18,16.5,54.94,34.671248,90.723729,6.149957,26.339826,muskmelon
94.08,45.14,57.29,24.109868,88.502743,6.010886,224.822544,rice
4.74,102.87,219.93,9.108926,91.15414,5.947072,129.698005,apple
13.73,39.47,28.64,32.459444,90.181597,6.074302,33.936149,mungbean
76.17,69.07,48.62,37.603655,91.362865,7.751081,166.951151,papaya
95.72,107.21,59.61,28.492694,89.520696,6.143137,106.607565,banana
22.48,61.63,29.68,29.637113,66.506025,6.617466,72.487203,blackgram
81.47,22.15,48.14,31.957885,96.855423,6.181071,23.188739,muskmelon
3.84,128.3,205.07,2.616236,95.820081,5.987021,128.032783,apple
7.02,22.26,34.85,32.609721,92.730927,6.606918,124.625288,coconut
57.13,87.54,45.96,41.294252,96.959468,6.603814,158.598269,papaya
32.5,88.14,18.33,29.512153,54.255979,6.652821,168.384468,pigeonpeas
94.53,45.09,48.79,26.179548,81.284319,6.268174,198.308438,jute
15.33,100.79,209.74,2.601675,91.955683,5.55207,105.083883,apple
19.13,114.19,192.9,7.800628,91.595059,6.629485,119.719169,apple
78.2,55.48,14.69,18.509605,57.232007,6.076757,63.026423,maize
9.45,50.02,23.11,30.523848,90.574625,6.411972,49.94711,mungbean
4.99,126.75,192.15,8.25127,94.09144,5.936451,108.793689,apple
18.6,84.64,18.65,22.900529,73.188388,7.314666,54.353222,lentil
2.72,127.37,217.19,22.713782,83.693529,5.691146,75.621809,grapes
61.61,36.05,33.75,23.531717,87.451881,6.445018,277.669665,rice
107.82,29.84,57.51,27.472348,82.187303,6.435429,58.879582,watermelon
27.78,59.63,26.59,19.291817,69.312956,7.299216,41.566684,lentil
11.84,129.15,211.38,0.250081,91.22124,5.748358,102.938545,apple
7.8,103.67,212.68,20.430366,82.612781,6.541655,63.580951,grapes
24.54,85.59,96.34,23.331612,19.070245,5.662308,60.632222,chickpea
67.09,60.34,22.69,18.402537,63.992654,6.838732,97.480931,maize
91.75,97.39,59.52,33.44556,79.798284,6.612834,96.389394,banana
32.77,74.64,26.59,20.440241,21.448338,5.796223,151.65317,kidneybeans
15.46,9.71,15.74,16.254953,94.566036,6.263922,120.07522,orange
2.22,25.17,27.71,31.791351,48.483692,6.880181,102.372853,mango
91.03,41.95,26.79,27.959624,60.664429,6.53524,180.228825,coffee
54.99,53.75,54.8,39.045665,95.542884,7.801046,153.873349,papaya
17.35,133.63,204.36,20.702873,80.104939,6.016734,68.806023,grapes
3.68,139.69,223.49,12.304666,83.103244,5.820883,67.748431,grapes
0.26,15.17,29.95,32.04008,90.112393,6.394705,175.738322,coconut
127.23,48.52,23.29,25.878125,84.851158,7.715146,68.416342,cotton
90.6,49.04,46.61,23.91445,83.039501,5.546227,215.507608,rice
2.55,92.22,24.59,32.350804,59.234342,6.716869,118.379207,pigeonpeas
34.35,57.29,20.41,32.146402,62.381229,6.238608,79.454337,blackgram
33.68,63.21,87.44,23.851277,14.855191,7.030049,72.306619,chickpea
17.02,89.62,25.6,19.873476,65.572536,6.930797,31.101366,lentil
16.41,58.4,26.11,25.06238,18.22997,6.090186,153.5743,kidneybeans
13.73,130.37,207.26,5.865338,95.336652,5.950015,106.241595,apple
6.56,38.28,42.7,27.608789,88.830158,6.778814,152.005128,pomegranate
19.08,35.99,40.04,29.500908,95.909471,6.636875,111.50276,pomegranate
82.79,56.66,49.43,25.986279,94.489481,6.376681,189.627356,jute
95.33,45.18,47.13,32.836043,95.913485,6.556963,22.103436,muskmelon
10.97,91.53,26.4,31.95552,47.780102,6.615668,167.717596,pigeonpeas
96.9,51.99,47.16,27.710288,79.300355,6.663423,155.432285,jute
79.83,41.61,47.1,23.315093,92.171718,6.035002,184.176229,jute
25.02,32.15,35.79,30.919142,48.81997,6.388305,100.382701,mango
3.34,25.95,45.15,23.202824,86.701963,7.212697,131.138744,pomegranate
32.4,67.25,19.17,34.549807,58.316275,6.957786,69.137839,mothbeans
1.87,55.23,15.73,26.921142,60.064242,6.756315,81.132576,blackgram
61.74,35.44,37.1,21.745713,85.712327,6.124394,157.388118,rice
25.03,64.31,16.03,23.849265,62.878414,6.533059,47.181124,lentil
30.67,51.61,22.59,31.226297,64.602508,6.647475,82.171925,blackgram
32.71,71.7,22.37,31.749041,48.252144,6.153074,68.85499,mothbeans
14.25,139.61,213.84,19.657785,87.502434,6.455464,65.887614,grapes
118.75,32.95,49.35,34.986292,82.620159,6.335558,43.441244,watermelon
14.54,35.99,23.95,31.026644,86.083608,7.289775,55.363737,mungbean
100.27,41.52,23.55,23.988287,76.306689,7.478095,72.190789,cotton
47.05,61.13,43.45,39.619906,93.118144,8.38727,163.25136,papaya
93.84,39.08,55.82,29.822368,82.928688,6.690362,47.840678,watermelon
9.64,37.92,39.2,30.310221,54.383745,4.988219,90.545109,mango
108.62,81.01,48.91,27.138525,77.972113,6.285673,98.137579,banana
1.26,57.21,24.21,20.09297,22.994471,6.026834,153.198733,kidneybeans
10.95,36.3,19.6,25.349158,85.374952,6.990176,34.268489,mungbean
111.69,20.62,59.5,29.698952,91.993252,6.311822,29.96435,muskmelon
8.54,8.34,40.22,26.034674,94.656835,5.803131,157.7752,coconut
19.94,51.69,25.25,26.554466,24.462354,5.915797,103.199505,kidneybeans
7.84,20.46,44.57,27.50561,95.748231,6.532779,138.517203,pomegranate
0.01,60.51,20.49,33.838372,73.688738,7.320787,65.72715,blackgram
33.4,76.88,22.25,33.942893,64.152049,6.98765,63.51855,blackgram
83.88,10.77,46.65,28.01355,94.625245,6.547247,55.094522,watermelon
119.49,105.16,48.94,32.867559,84.014269,6.302217,120.836315,banana
7.5,19.81,47.86,29.145268,91.949817,6.611046,177.269302,pomegranate
80.03,31.53,30.42,29.527894,65.205533,6.501127,179.391329,coffee
77.83,54.07,62.0,40.20116,92.93817,6.805734,145.455338,papaya
69.75,49.19,62.3,23.515398,93.564998,6.732233,194.652039,jute
3.5,24.54,32.63,25.351054,91.173454,6.234794,177.433049,coconut
0.11,17.32,11.36,16.527447,92.028209,7.310543,122.030372,orange
13.33,5.24,40.74,30.256531,93.428125,6.708326,161.312684,coconut
84.06,47.36,58.05,25.043053,91.820862,6.368406,44.897413,watermelon
16.09,143.05,210.32,7.620628,92.977778,6.551932,127.624639,apple
49.39,85.98,44.78,34.38563,90.085138,6.863896,146.6417,papaya
84.43,38.38,61.81,29.052851,90.881042,6.281047,20.119358,muskmelon
81.5,47.23,60.8,37.821616,96.371124,6.315813,26.915834,muskmelon
131.84,46.67,18.24,28.767716,78.43371,7.243702,78.537444,cotton
7.97,118.97,217.93,24.736696,88.476017,5.618601,62.058059,grapes
80.7,46.29,38.69,23.529267,78.060738,6.308736,187.68932,jute
68.74,58.87,41.05,23.985525,83.914987,7.417411,179.272748,jute
19.59,105.39,202.03,11.535525,82.801844,6.23647,71.276542,grapes
16.62,81.53,17.23,20.67959,74.846539,7.00592,44.949715,lentil
96.28,31.34,36.99,22.044415,84.901975,6.379668,223.993496,rice
12.01,26.12,32.96,30.350467,54.560996,6.902341,97.145386,mango
34.16,52.15,27.36,17.777701,60.949255,7.258601,46.089319,lentil
1.42,140.4,215.58,11.404737,96.121453,6.687359,112.955578,apple
19.14,51.0,26.64,34.77506,87.332394,6.513473,41.20773,mungbean
15.45,18.5,35.72,32.188896,94.883538,7.010173,150.570775,coconut
77.69,39.06,57.55,25.469058,81.105884,6.995552,281.880004,rice
74.85,52.15,21.4,25.72353,59.136271,6.912308,66.032767,maize
15.93,41.89,43.54,36.728359,56.524759,5.004972,117.798165,mango
19.85,31.14,31.27,27.281614,86.888013,5.745889,158.706541,pomegranate
138.33,45.55,21.97,24.587023,83.007857,7.639851,68.857371,cotton
36.44,79.79,28.98,20.759919,66.199387,6.858407,48.489213,lentil
88.58,15.17,63.51,29.619307,96.154959,6.650457,25.768615,muskmelon
7.23,9.09,13.27,14.894024,95.950125,7.093922,126.284185,orange
11.13,100.27,190.64,21.219754,82.429045,6.398108,73.621639,grapes
33.5,59.38,15.73,24.181404,54.575606,4.075326,61.153778,mothbeans
89.57,34.77,42.2,26.920999,61.777,6.435778,189.807931,coffee
30.29,91.41,25.78,23.275587,19.90217,6.54591,157.418295,kidneybeans
15.51,90.61,25.64,22.215648,25.032359,5.844922,110.223491,kidneybeans
101.38,70.87,55.08,30.453365,86.03168,6.474227,111.503804,banana
83.81,16.09,53.96,26.042746,91.037317,6.05804,50.994187,watermelon
19.29,59.81,28.27,18.107222,60.814654,7.204429,43.598582,lentil
20.78,86.29,24.89,20.169174,66.208977,7.105244,52.808259,lentil
84.11,26.16,45.36,28.454357,57.573592,6.312632,197.911158,coffee
33.87,73.29,27.73,30.064733,49.460723,6.888291,127.497087,pigeonpeas
49.96,55.83,43.65,35.305851,93.757948,8.016191,169.847183,papaya
72.77,74.69,52.95,36.182705,90.525391,8.481944,146.11708,papaya
3.07,15.8,11.84,17.333125,93.094595,6.889739,124.975556,orange
6.42,56.42,26.33,25.371607,88.645145,6.863816,39.103287,mungbean
61.06,41.48,19.02,22.861921,60.203693,6.127984,97.895516,maize
118.97,26.7,61.15,33.259891,91.567733,6.580419,22.18062,muskmelon
18.31,42.93,29.19,34.152328,59.669978,5.874034,107.687356,mango
71.39,34.61,33.46,20.148036,80.553954,5.761962,158.00729,rice
34.2,71.11,20.33,30.954997,63.353162,6.252584,78.845965,blackgram
96.99,54.68,31.11,22.608916,80.486985,5.663923,251.295844,rice
92.93,45.04,12.2,26.60801,71.462492,6.308413,100.959994,maize
15.68,118.92,217.95,23.938052,82.582567,6.646205,66.15584,grapes
12.71,59.8,15.08,21.278415,61.749689,6.787496,49.235695,lentil
99.04,35.35,44.81,24.711751,80.770691,7.226136,152.253572,jute
107.81,46.96,18.52,26.525286,80.699453,7.98187,86.996851,cotton
110.81,41.62,39.93,25.792877,59.556223,6.857023,170.639974,coffee
88.9,91.13,45.81,27.142558,86.426424,6.690097,136.584268,banana
32.75,43.19,28.46,31.627122,46.530645,5.34785,82.60391,mango
116.3,44.9,46.29,32.325408,93.822914,6.621348,52.017521,watermelon
6.38,12.99,19.38,12.037706,90.437642,6.529522,104.033259,orange
117.69,20.02,61.02,31.341076,87.989437,6.137515,44.091415,watermelon
30.48,45.62,19.61,28.903059,52.157115,4.85456,64.603142,mothbeans
24.4,60.81,27.25,32.17057,60.165991,5.784085,185.420251,pigeonpeas
105.89,41.14,21.51,28.101892,75.514893,6.253179,73.38354,cotton
106.99,38.79,18.18,27.015239,81.814726,6.026585,83.340668,cotton
12.69,128.63,192.53,14.534876,96.24948,6.321674,109.281667,apple
10.53,70.93,20.5,22.692989,21.160051,5.990348,118.328837,kidneybeans
131.43,59.81,15.47,27.301713,82.167777,6.611879,86.785842,cotton
36.75,41.11,31.12,31.285975,45.548133,5.860409,82.534719,mango
83.98,56.24,35.89,22.172266,87.774048,6.95774,225.111178,rice
9.3,127.99,199.08,3.747031,96.925477,6.803488,122.132647,apple
2.11,127.79,202.8,24.449813,86.231138,5.704281,76.679999,grapes
19.41,142.65,209.43,7.378201,96.913484,5.827269,105.625908,apple
26.81,54.48,28.94,28.638468,61.517992,6.262026,97.309843,blackgram
2.51,22.36,51.29,24.428417,87.93669,7.116999,127.333966,pomegranate
42.81,67.14,48.58,41.869854,94.838856,7.94272,158.053942,papaya
67.05,45.26,22.35,21.985066,74.807769,5.705817,92.676991,maize
10.71,15.68,40.94,25.4201,94.324081,7.132037,197.753341,coconut
16.92,29.9,36.33,28.083227,49.68953,4.929729,95.43411,mango
2.93,125.16,196.41,4.596429,96.580945,6.802418,103.053964,apple
19.37,130.57,216.34,19.487984,82.694264,6.172543,75.961609,grapes
13.29,18.88,12.42,17.635638,92.333161,6.574128,125.969018,orange
3.47,36.32,36.89,22.797294,95.738687,5.90328,113.665197,pomegranate
12.89,55.32,23.94,27.640337,48.757171,5.080864,136.436158,pigeonpeas
6.41,25.3,40.88,30.562731,86.509176,6.371379,189.170181,pomegranate
118.92,109.88,58.4,29.516855,87.761009,5.535707,140.064243,banana
106.37,74.2,45.54,28.192902,77.877896,6.982993,108.179778,banana
20.74,52.86,27.42,32.478913,55.00505,6.187501,48.036268,mothbeans
19.17,51.86,18.87,33.040338,71.275895,7.313725,84.083513,blackgram
15.9,54.92,28.85,34.865901,89.820385,7.049884,39.654875,mungbean
9.84,79.19,90.18,17.782304,19.150545,5.901125,67.415011,chickpea
22.1,51.26,21.59,27.138182,73.750426,7.46487,71.985876,blackgram
100.69,43.9,36.18,27.977419,61.916901,6.280104,162.280263,coffee
109.29,38.19,21.64,23.938753,82.819791,6.543509,84.555402,cotton
10.58,44.71,25.89,35.589683,46.161789,5.822492,98.084792,mango
46.96,55.9,42.9,38.886426,90.954443,6.671268,153.390353,papaya
2.54,10.26,13.7,14.412111,91.868577,7.291669,115.754431,orange
108.16,49.23,16.35,28.572674,80.837899,6.963864,61.640004,cotton
10.11,32.29,52.31,24.453546,95.152912,6.535984,125.883492,pomegranate
16.87,129.4,207.63,14.625265,87.547008,6.283718,67.216638,grapes
101.54,99.25,61.14,26.135081,84.79687,6.223166,124.345857,banana
73.23,67.91,10.73,22.607696,69.231161,5.725681,62.368701,maize
11.68,17.62,36.99,28.358971,94.972377,7.338998,182.257909,coconut
2.19,45.58,22.4,31.169971,48.397437,5.043565,57.437411,mothbeans
15.71,43.94,38.8,32.922785,53.094691,4.688776,115.734952,mango
16.58,39.36,31.21,34.836173,49.919458,6.802203,90.718675,mango
10.66,141.61,197.5,13.922377,90.219387,6.653805,127.590044,apple
101.79,11.44,61.96,28.838055,90.328807,6.274858,24.757886,muskmelon
36.32,69.6,27.28,18.805219,65.281242,6.575089,42.622434,lentil
14.0,30.32,31.51,33.331851,91.373547,7.084934,126.291407,pomegranate
105.7,89.53,47.64,34.019167,83.202253,5.927579,142.675614,banana
18.8,122.58,197.72,5.304846,92.856977,5.675934,119.823767,apple
1.14,15.63,19.5,10.536195,92.928651,6.060597,104.3996,orange
50.27,84.28,49.06,34.297755,95.63295,6.6193,154.169849,papaya
24.91,74.44,27.6,18.088578,62.922578,6.98597,31.324354,lentil
130.46,40.2,23.77,24.714519,79.919924,6.974533,68.06551,cotton
116.51,18.92,38.73,25.457891,68.858574,6.441545,173.829665,coffee
4.66,12.38,26.9,25.251495,96.811905,5.28923,129.990988,coconut
13.88,68.23,21.87,17.364645,66.453398,7.141064,46.381567,lentil
7.24,117.35,208.2,1.601997,92.975461,6.477972,114.945771,apple
81.45,20.16,58.96,31.603912,91.108092,6.105768,20.950534,muskmelon
9.1,75.28,24.32,30.629579,64.784544,7.394138,73.24713,blackgram
17.5,77.58,27.6,33.791135,69.442749,6.952512,84.367947,blackgram
0.17,77.83,29.06,27.573307,54.830263,5.347554,105.769267,pigeonpeas
16.49,80.39,69.23,24.246335,19.502306,7.012186,93.989208,chickpea
74.6,58.75,59.86,25.404734,83.109615,6.531498,255.810955,rice
133.34,55.2,20.11,25.598026,84.455394,7.268399,76.309602,cotton
7.47,97.2,19.53,27.551865,59.223256,6.312897,145.129892,pigeonpeas
37.79,72.26,25.13,25.570081,25.919002,5.742674,147.970756,kidneybeans
67.82,60.39,13.21,18.99157,59.139703,6.134101,68.806915,maize
105.85,109.36,58.74,25.792335,88.617743,6.46462,117.378659,banana
73.7,62.77,38.67,23.843999,83.676551,6.425497,180.786641,jute
12.77,14.83,6.38,10.037424,90.554131,6.784103,106.926788,orange
47.21,72.36,49.39,37.241746,92.162222,8.406934,150.172964,papaya
11.35,19.14,42.6,27.410979,91.123017,6.841418,190.593848,coconut
9.96,40.78,21.06,29.901351,54.352754,6.86705,61.205175,mothbeans
93.98,31.72,54.03,26.494568,87.721084,6.547181,275.697033,rice
13.28,130.46,215.95,10.151122,92.277761,6.532222,60.610102,grapes
17.19,88.67,29.7,18.034009,65.515707,7.100321,32.545134,lentil
46.87,74.87,64.74,41.071928,96.473939,6.9267,158.981186,papaya
25.07,79.89,95.79,19.180692,15.217967,7.412093,66.176924,chickpea
8.05,87.18,60.71,24.3997,24.471217,5.524104,90.520772,chickpea
6.9,132.02,194.27,10.86947,95.42819,6.452951,107.327021,apple
112.14,41.71,58.3,33.836558,92.570379,6.133246,59.133589,watermelon
78.16,37.44,37.1,25.2221,88.165688,5.657917,159.983829,rice
47.82,66.83,48.8,41.910224,93.247078,7.858567,171.982582,papaya
25.94,32.12,20.11,31.89752,84.110197,6.331392,36.019999,mungbean
81.57,48.82,63.58,23.441868,86.534641,7.080599,156.38135,jute
58.75,60.01,62.15,37.654158,91.633579,7.402541,146.8598,papaya
17.92,31.06,54.76,31.119596,88.731762,6.702436,107.976664,pomegranate
15.28,124.44,221.82,12.042366,90.28697,6.818914,129.056993,apple
82.85,44.57,62.63,23.778257,81.537553,6.655702,186.898894,jute
14.65,72.39,16.86,28.318126,70.746498,6.938524,93.488409,blackgram
83.77,66.34,15.62,19.011062,71.219258,6.222645,88.219634,maize
18.33,27.97,39.71,28.096701,88.456172,7.208662,157.501504,pomegranate
22.14,86.5,24.72,28.880535,56.100205,5.188199,115.430372,pigeonpeas
115.65,18.19,55.68,33.948049,90.285263,6.095712,29.716897,muskmelon
13.46,62.17,18.89,31.051769,86.920357,6.47469,57.483951,mungbean
3.46,69.03,27.96,25.411532,62.179087,6.219585,84.090994,blackgram
85.46,60.93,58.63,27.675853,89.411714,6.59098,196.022569,jute
0.93,27.44,32.22,26.652658,91.578251,6.016718,135.870008,coconut
27.58,69.3,27.42,33.618251,68.448842,6.441834,60.91201,blackgram
118.28,39.11,23.54,29.600479,75.995149,7.503362,66.450427,cotton
81.8,17.66,57.16,24.194149,84.301159,6.058167,48.073175,watermelon
21.94,64.98,15.36,34.413669,47.166162,5.253717,114.654683,pigeonpeas
99.89,96.93,52.48,28.686232,75.475757,6.135684,114.501252,banana
17.6,106.39,210.44,5.673775,92.114077,6.516073,128.787072,apple
3.6,104.62,196.86,11.934066,92.049825,6.63556,128.465877,apple
1.5,78.31,23.23,22.791418,61.314344,7.495526,59.830457,lentil
71.24,86.6,63.73,38.67167,96.761692,8.322845,140.091502,papaya
10.34,62.79,15.05,31.196774,93.217086,7.18179,55.609026,mungbean
89.01,61.24,21.08,21.171532,72.800389,6.390746,66.301317,maize
28.35,99.97,15.11,26.610457,58.482886,5.119982,158.978998,pigeonpeas
115.53,22.7,41.0,28.994329,64.382942,6.563417,187.20149,coffee
1.31,27.45,9.51,15.9702,92.012329,6.973138,105.774081,orange
1.22,29.66,42.62,27.342366,92.911783,7.016512,184.626086,pomegranate
22.27,40.23,29.64,25.327572,90.787821,7.159496,32.014883,mungbean
88.79,35.08,35.37,30.206537,55.367041,6.427712,184.326586,coffee
78.6,59.34,42.35,25.555775,80.848193,6.333193,270.308968,rice
9.59,65.75,24.83,23.68821,70.391123,7.094323,34.431857,lentil
18.1,12.85,41.96,31.837759,91.368194,5.379483,176.217888,coconut
88.51,39.48,39.77,31.700912,65.676555,6.607396,192.312141,coffee
35.01,74.76,27.9,28.818754,71.347034,6.866009,88.78736,blackgram
27.06,88.58,18.13,29.983745,56.765371,5.004956,185.596251,pigeonpeas
2.83,143.27,218.33,24.294492,83.267493,5.526714,68.745232,grapes
81.8,44.24,45.93,27.448606,93.887946,6.949745,59.838011,watermelon
3.1,6.89,17.29,15.553863,96.629987,7.124229,123.062895,orange
86.48,46.71,53.52,24.650195,84.063869,6.721031,175.045938,rice
35.5,52.44,26.31,21.192528,22.837371,6.271072,115.584535,kidneybeans
39.49,56.02,63.54,22.393562,17.737095,5.642489,79.012225,chickpea
100.46,33.73,47.38,25.65535,60.07901,6.659348,199.096854,coffee
81.54,106.25,64.06,25.034819,78.191874,5.770291,136.878271,banana
4.38,27.01,39.67,28.637031,53.497855,6.179597,94.191744,mango
100.62,19.02,47.65,37.57255,94.590688,6.809241,26.969705,muskmelon
14.71,8.0,15.02,11.783903,90.828171,6.243795,115.252104,orange
85.65,51.05,47.22,24.669963,76.036149,7.020834,171.073377,jute
96.21,49.73,51.62,25.115669,89.151383,6.151033,152.429494,jute
99.04,45.9,45.88,31.401409,92.459435,6.340127,24.876859,muskmelon
23.74,41.97,25.23,32.401462,85.986553,7.239822,32.210875,mungbean
139.68,39.7,22.78,28.763513,79.013383,7.239103,72.971204,cotton
9.02,109.89,208.6,8.673602,92.364857,5.908177,104.530768,apple
83.05,43.0,33.56,26.927637,56.515075,6.577353,166.954405,coffee
28.16,46.45,21.03,26.789248,86.967849,7.180224,57.26919,mungbean
3.01,76.72,19.63,17.115478,62.333933,6.99756,39.31205,lentil
85.15,12.78,64.87,34.363699,91.772558,6.450034,29.500882,muskmelon
97.32,69.42,11.04,19.379975,70.814759,5.905948,104.242453,maize
33.53,52.99,27.02,17.298678,60.42105,6.961316,36.638739,lentil
19.56,6.83,27.99,33.308114,91.015792,6.149889,142.51994,coconut
24.87,74.41,84.94,18.080638,21.628945,6.849501,87.303525,chickpea
2.66,93.13,27.53,18.800359,17.213809,5.584433,151.21781,kidneybeans
91.34,24.34,29.2,25.386245,69.650385,6.536777,187.834001,coffee
89.58,98.39,60.14,28.924169,84.851319,6.418238,134.386498,banana
0.16,45.73,18.7,26.188524,50.612455,5.796167,49.825362,mothbeans
91.18,40.18,55.35,25.953012,88.446085,6.94832,54.110325,watermelon
81.79,95.66,56.36,28.3748,77.210019,6.93688,125.063547,banana
10.23,71.65,18.25,33.290383,63.28675,7.045059,91.336539,blackgram
92.46,43.56,26.84,31.866272,67.53898,6.21433,181.979622,coffee
18.14,79.61,28.79,33.748232,63.321167,6.700525,196.45812,pigeonpeas
73.99,42.55,54.38,25.365379,90.808619,6.768742,150.770799,jute
36.85,63.13,20.16,32.658407,71.138536,6.370134,66.433054,blackgram
14.56,133.78,207.74,23.731169,94.853612,6.038822,62.517283,grapes
16.86,129.51,223.83,13.825577,88.272082,6.685057,64.679839,grapes
62.2,88.02,48.31,36.95465,96.221693,7.164998,153.323582,papaya
1.56,18.82,35.0,34.463389,51.961513,4.543233,87.3708,mango
15.57,49.88,27.89,27.270625,50.363081,4.582374,46.094487,mothbeans
64.34,50.17,38.44,24.615958,87.269946,6.652971,166.161142,rice
2.04,96.17,28.25,22.699273,21.970278,5.817612,149.167045,kidneybeans
18.67,106.22,194.1,9.172197,91.47527,6.67889,73.907521,grapes
110.15,49.4,59.92,30.689211,91.313312,6.659092,49.281321,watermelon
0.51,24.71,8.84,16.901552,93.802319,7.256195,128.811362,orange
102.33,54.78,23.08,23.160517,84.47795,6.8918,87.158164,cotton
33.91,61.88,17.26,18.077555,17.425253,6.643377,159.23118,kidneybeans
3.66,69.68,18.52,28.932501,59.846653,5.948485,157.073061,pigeonpeas
37.48,79.57,24.25,27.918944,46.279451,6.474921,110.178599,pigeonpeas
7.91,61.65,81.18,24.062605,22.366006,6.916315,67.007223,chickpea
17.51,18.74,41.57,30.880333,94.591889,6.817142,175.31092,pomegranate
12.75,123.61,191.52,22.815709,86.847634,5.615482,75.456565,grapes
18.07,23.17,32.02,29.935637,92.72901,7.485723,135.007825,coconut
119.74,74.62,64.12,33.090463,87.583403,6.692376,102.490256,banana
11.13,17.02,45.58,34.709223,86.346346,6.41697,149.415882,pomegranate
95.83,50.15,37.13,25.969468,83.480314,6.780017,194.841548,rice
114.27,75.61,56.68,29.066371,77.558051,5.518504,106.400598,banana
117.88,110.0,60.24,26.081282,88.484182,6.615664,109.934671,banana
107.77,80.16,46.28,28.850004,79.756965,6.550385,139.18695,banana
115.82,42.47,24.2,26.406705,81.143253,7.391701,86.142338,cotton
98.46,14.3,49.6,28.482694,84.880532,6.865829,53.572912,watermelon
27.84,53.38,22.79,30.544196,84.662808,7.020647,41.625016,mungbean
11.25,34.04,25.08,34.275571,50.662042,6.94437,107.656704,mango
4.98,38.54,44.03,21.379959,94.027829,5.893516,178.603632,pomegranate
100.46,18.22,50.16,31.584972,90.064991,6.417363,20.027685,muskmelon
11.35,21.72,15.07,19.594675,92.425704,6.44965,117.436759,orange
84.41,53.32,24.04,26.539844,61.444313,6.316823,84.491213,maize
88.99,79.89,56.68,28.177714,87.453779,5.667078,124.658697,banana
88.33,35.45,62.24,27.750196,75.04923,6.686728,170.691097,jute
102.18,23.81,48.24,30.760276,58.979383,6.961051,167.048251,coffee
26.94,58.45,28.73,28.063462,62.972685,7.431852,92.422424,blackgram
38.67,68.15,17.42,30.447507,48.900434,6.261997,48.439455,mothbeans
92.21,40.17,61.92,31.476547,90.428636,6.665727,27.39497,muskmelon
6.44,58.27,28.2,29.743821,65.1203,6.324168,79.39841,blackgram
15.47,137.72,222.97,9.078218,91.988521,6.563149,64.140512,grapes
12.06,116.14,210.87,19.484529,85.20603,5.824357,66.433758,grapes
115.67,39.32,21.06,25.217096,82.715326,6.229189,76.686392,cotton
7.68,118.0,212.4,20.542677,93.196057,6.813768,74.426792,grapes
4.03,84.65,17.01,30.11173,46.087639,5.599025,123.208046,pigeonpeas
12.63,25.32,7.56,14.340865,90.901861,7.440123,101.880752,orange
15.45,55.84,19.57,29.705719,55.717601,5.811614,52.915069,mothbeans
37.89,34.98,42.15,32.611764,59.161904,4.734841,114.558548,mango
76.92,46.14,36.05,23.891475,91.183827,6.724043,197.743736,jute
27.73,33.11,31.75,29.60736,55.781412,6.353403,93.088234,mango
23.92,67.17,25.64,17.376999,70.663315,6.786894,49.55116,lentil
36.61,72.03,20.86,29.326349,59.469721,4.524081,64.116482,mothbeans
36.08,63.25,20.58,30.758336,88.808327,7.243106,37.088703,mungbean
68.86,54.12,52.68,34.529602,90.32573,6.786488,170.426723,papaya
6.78,25.85,11.33,15.27396,93.94011,6.844495,106.393645,orange
105.3,100.27,59.91,27.715654,77.716791,5.992184,118.790669,banana
2.93,20.89,29.31,34.283055,96.44481,7.845968,143.436209,coconut
15.73,37.54,43.18,34.030556,59.038931,5.971632,103.085498,mango
13.73,75.24,22.78,28.467525,72.594174,7.128248,71.914994,blackgram
99.72,57.54,11.9,26.973022,72.607606,6.304301,91.089601,maize
115.85,48.97,46.03,35.957464,94.520016,6.261436,26.351561,muskmelon
26.32,61.55,15.05,31.738912,60.814366,7.299256,60.90616,blackgram
89.25,57.6,46.73,26.452477,79.774233,6.716143,179.155346,jute
105.36,106.25,64.53,31.501306,89.248844,5.613489,111.556701,banana
5.84,13.42,11.82,17.025687,92.995616,7.30664,120.393569,orange
20.55,52.99,25.19,22.732322,67.854408,7.293799,39.007443,lentil
87.1,61.77,18.5,25.584222,74.668342,6.128909,85.729153,maize
29.19,38.11,18.17,34.780427,87.215324,6.272723,39.943916,mungbean
121.0,40.94,21.82,28.233689,83.481425,7.984791,73.780643,cotton
102.66,47.75,17.6,26.157571,79.562999,6.637664,74.589737,cotton
100.12,35.44,45.88,30.685237,55.738622,6.453525,155.925608,coffee
18.32,45.25,22.34,30.547195,82.243105,7.263363,59.209922,mungbean
7.79,50.19,21.68,21.009233,18.493936,6.176635,124.142253,kidneybeans
10.77,62.83,81.89,21.486219,19.560531,6.773341,76.332921,chickpea
30.76,50.23,28.69,31.437584,92.602617,6.353178,44.902133,mungbean
16.92,11.07,43.99,31.102701,88.079755,7.226984,124.028456,pomegranate
3.44,74.38,17.14,20.945675,63.595286,6.553161,32.400583,lentil
6.18,66.06,19.99,23.960207,67.300791,6.726196,38.664032,lentil
73.13,46.06,55.46,24.568111,88.043918,6.299083,244.937644,rice
107.8,35.32,49.69,24.569312,86.566758,6.010171,41.42005,watermelon
79.6,51.46,59.52,25.304947,76.61832,6.730944,191.897547,jute
11.27,12.04,36.77,30.915066,90.434821,6.597104,159.658046,pomegranate
29.0,60.54,19.94,18.975274,74.353329,6.69052,35.495418,lentil
30.99,59.94,17.83,32.273086,67.028175,6.046916,98.397697,blackgram
18.65,133.27,198.07,9.893513,94.233792,5.668281,65.141401,grapes
13.18,36.25,26.2,30.597127,49.470518,5.048364,108.24523,mango
66.17,50.49,52.34,26.772568,83.258254,6.05569,220.433372,rice
85.78,48.53,62.8,27.910467,90.482462,7.373197,156.825212,jute
119.19,83.49,54.65,26.004558,82.832653,6.399552,105.0637,banana
110.5,55.16,24.97,29.370602,78.040717,7.692315,62.857714,cotton
77.03,61.51,39.09,24.824216,76.894545,6.841394,197.864103,jute
22.8,56.17,97.64,18.33892,20.893031,6.152477,85.662453,chickpea
11.7,15.64,40.15,28.997214,93.170988,6.815955,198.947912,coconut
35.86,36.25,28.65,27.163893,93.931344,6.907123,32.530347,mungbean
7.82,98.17,26.41,31.409457,58.520379,5.662949,164.642704,pigeonpeas
89.74,108.7,52.63,25.272834,75.404036,6.33006,149.202719,banana
90.72,107.86,52.67,31.484061,89.641902,6.326182,108.320757,banana
10.1,74.07,15.46,22.168094,71.016507,7.173026,39.963526,lentil
22.79,38.57,25.64,31.440869,86.768007,6.006601,43.397435,mungbean
50.21,59.44,62.7,39.873196,93.201309,8.410846,141.847418,papaya
3.59,51.26,18.03,24.809845,25.917288,6.892789,130.253161,kidneybeans
80.82,24.53,57.79,29.736986,90.118087,6.675019,42.803475,watermelon
6.26,5.55,35.15,27.857694,92.028747,7.781416,132.237511,coconut
22.55,86.05,15.88,23.380704,24.343111,5.601291,130.734578,kidneybeans
86.52,40.59,14.9,19.978098,70.563028,6.790946,72.334019,maize
17.18,29.76,26.67,35.371105,47.555056,5.526553,113.610622,mango
18.63,118.19,221.07,18.286933,87.901219,5.739286,78.286552,grapes
3.51,68.85,18.33,26.127239,52.038056,6.658295,63.893999,mothbeans
55.3,71.57,57.58,37.540288,90.981318,6.678872,155.360056,papaya
12.88,10.93,5.71,14.533553,95.510435,6.487702,123.533162,orange
84.65,35.14,46.95,24.007014,84.659852,6.283948,264.588509,rice
5.31,22.03,28.05,26.719087,96.31057,5.353895,121.947643,coconut
16.67,51.55,29.0,29.136031,71.758898,6.62447,97.494413,blackgram
11.93,63.31,24.8,21.395742,61.445902,7.373992,45.378397,lentil
91.82,38.96,47.92,33.842508,81.513725,6.863491,49.956189,watermelon
27.44,38.43,31.79,36.450794,45.459159,4.832358,103.551481,mango
9.3,21.67,32.63,33.720231,55.321884,6.940292,88.096617,mango
14.11,87.42,23.69,29.915658,54.739642,6.932594,175.629422,pigeonpeas
3.8,26.67,33.95,26.701527,92.303932,6.486143,137.959154,pomegranate
35.05,36.51,20.46,33.486687,84.287713,7.232061,32.372075,mungbean
39.54,92.33,23.69,23.640895,20.179606,6.519228,146.223723,kidneybeans
10.27,69.81,16.11,32.42313,59.672372,4.905946,61.674335,mothbeans
18.08,29.18,36.36,34.996913,95.371309,6.571444,172.395463,coconut
11.87,53.03,20.53,20.290944,20.473292,5.795439,115.713782,kidneybeans
73.87,47.73,30.68,26.709914,84.823034,6.674103,162.4095,rice
5.47,57.38,22.37,25.168259,85.290758,7.433073,39.474945,mungbean
94.71,48.09,42.38,22.619288,84.258821,6.477897,280.123595,rice
13.84,25.17,43.29,30.890856,90.376145,6.700653,123.090102,pomegranate
92.51,53.41,55.21,23.157533,91.790527,6.219286,165.132544,jute
18.52,82.8,25.36,18.059611,61.712766,7.271922,48.763923,lentil
15.2,63.03,20.4,30.71907,51.740076,4.710477,63.720208,mothbeans
15.06,72.11,21.47,33.150448,51.416738,6.516072,193.954484,pigeonpeas
9.9,37.33,50.95,32.379226,87.481701,5.806246,169.009652,pomegranate
6.6,79.53,19.9,24.972293,50.979046,3.70445,63.700893,mothbeans
39.95,58.84,17.76,27.81767,66.381232,6.376369,73.878401,blackgram
65.73,85.83,64.98,36.23282,95.063028,7.579917,155.924013,papaya
112.74,41.75,28.73,27.048476,69.641703,6.544776,162.940874,coffee
80.39,87.37,46.79,28.577526,78.356142,6.87452,142.80336,banana
28.06,16.83,35.8,32.473278,56.351284,6.956612,111.830191,mango
30.81,63.47,84.25,22.267846,23.125549,5.548902,68.806316,chickpea
115.61,20.11,51.54,31.054418,93.949846,6.412872,21.079593,muskmelon
26.36,31.06,43.22,28.031389,47.245338,5.458624,106.235282,mango
16.48,72.38,19.69,31.63238,63.557143,6.485129,94.417186,blackgram
117.03,12.32,53.47,28.005711,95.503053,6.16617,29.24916,muskmelon
16.1,61.94,22.93,25.863597,62.569443,6.84858,182.161314,pigeonpeas
85.29,50.02,13.66,27.126718,73.47749,6.764984,108.910222,maize
9.74,17.77,16.6,17.098334,96.384289,7.456291,121.83554,orange
5.5,32.56,44.45,32.286345,90.969568,7.208168,179.60671,pomegranate
14.05,23.5,15.11,16.735384,94.275657,6.777633,105.934501,orange
1.87,71.42,29.93,24.751935,63.315333,7.255697,40.348555,lentil
99.81,40.94,45.72,28.697236,81.497418,6.400926,59.676437,watermelon
6.79,58.94,17.93,33.962851,82.314512,6.782996,39.603143,mungbean
16.57,10.91,28.11,28.451622,91.776819,6.989548,138.481428,coconut
7.26,37.5,22.19,33.426492,91.096021,6.655278,36.261807,mungbean
7.78,8.23,29.8,30.345815,96.414013,5.901684,141.150896,coconut
9.37,54.88,16.08,26.421442,54.468047,6.966548,69.887952,mothbeans
23.73,79.56,29.2,25.166027,53.335477,4.604379,43.891843,mothbeans
52.79,83.37,56.39,36.158058,96.399122,7.497023,146.589616,papaya
13.13,17.83,28.05,27.583963,93.652087,7.199316,151.860132,coconut
85.09,47.52,49.5,20.59111,84.158074,5.562421,224.098623,rice
87.38,50.18,24.32,20.435967,56.97849,6.630257,104.051803,maize
102.74,18.13,57.09,32.595653,82.071646,6.440608,53.773342,watermelon
19.39,121.36,203.03,19.443812,89.758176,5.503659,72.369474,grapes
104.82,41.81,30.42,30.559874,67.972978,6.976484,191.384721,coffee
19.82,17.83,46.62,32.888151,86.765111,7.195759,101.224567,pomegranate
4.35,37.17,32.13,25.546593,90.812949,6.209025,151.76071,pomegranate
4.8,52.85,99.59,17.592461,15.457963,7.154509,83.209609,chickpea
91.0,54.9,18.05,27.65416,74.271598,6.783463,69.380465,maize
0.56,38.4,42.99,35.388828,59.375292,6.757739,97.760721,mango
7.65,33.22,48.09,31.000192,92.868412,7.280716,159.539278,pomegranate
10.75,57.68,22.21,27.208788,88.076489,7.333182,53.771869,mungbean
126.82,35.46,24.05,27.310202,79.21345,6.868625,82.739869,cotton
19.05,50.35,25.77,27.633424,92.253877,6.03118,35.873148,mungbean
61.77,52.04,14.86,27.486455,66.537219,6.709286,68.51706,maize
39.71,67.08,17.44,22.672505,21.799248,5.766869,136.786565,kidneybeans
22.09,73.43,23.29,29.323354,61.534298,6.818102,193.211026,pigeonpeas
74.21,47.86,52.38,25.499375,77.158979,6.50996,168.809673,jute
82.45,21.0,26.97,29.214077,67.477963,6.402661,159.081295,coffee
110.97,42.82,21.56,27.352559,81.621025,6.75457,70.093705,cotton
84.85,55.14,58.19,23.33568,87.555367,7.385906,197.806186,jute
116.89,38.58,18.87,29.097339,78.310858,6.125299,88.773943,cotton
38.57,64.87,19.16,28.960068,60.368209,5.839552,56.819585,mothbeans
108.87,31.78,60.55,25.184094,81.773169,6.657489,53.866677,watermelon
110.75,81.74,60.81,27.643216,75.29325,5.741093,91.299173,banana
1.05,65.92,20.5,28.513497,55.49335,6.766254,129.233823,pigeonpeas
66.71,40.23,15.04,25.975108,71.783477,5.707494,98.716795,maize
10.99,109.45,202.03,16.124825,86.300446,5.692942,60.777313,grapes
39.26,18.59,40.14,30.343259,46.755739,5.554833,101.950115,mango
72.24,47.38,35.3,25.9963,87.585195,6.579194,214.813956,rice
10.33,122.36,219.24,6.371779,91.116236,5.969348,107.956072,apple
101.3,99.42,64.29,33.482755,84.322776,6.375461,126.191202,banana
111.08,28.94,43.37,25.64296,65.875874,6.511911,195.517027,coffee
21.53,41.24,25.84,29.994812,51.331857,4.647447,68.068204,mothbeans
11.71,106.73,201.73,13.283955,93.335833,6.616215,114.543355,apple
34.29,38.71,16.6,34.73256,92.369664,6.455468,50.255121,mungbean
131.14,37.62,18.98,28.844603,79.041059,6.589524,88.447612,cotton
9.78,23.3,36.67,27.01445,90.392375,6.108499,124.95512,coconut
96.89,82.38,58.54,26.359694,78.490972,6.567064,99.373462,banana
114.06,58.78,18.95,27.242927,80.228432,7.752444,71.073504,cotton
2.19,122.92,214.35,0.980535,92.412547,6.575622,104.712141,apple
12.61,28.8,50.98,31.358525,94.246341,6.75043,144.945716,pomegranate
90.92,33.36,29.48,30.592685,62.368155,6.566463,192.836214,coffee
15.13,84.07,69.67,21.949285,24.193375,6.015788,87.717064,chickpea
1.54,22.32,17.52,11.588415,90.51904,7.329784,103.96628,orange
30.09,70.95,20.77,28.2434,70.754379,7.07507,98.023535,blackgram
105.06,57.12,15.62,25.894706,81.317211,6.740077,76.038193,cotton
9.01,81.72,93.91,24.958594,23.602032,7.279798,72.573918,chickpea
80.75,39.48,53.16,24.631629,83.736577,5.6417,262.018442,rice
63.55,53.58,44.43,24.507127,78.868813,7.201605,198.216425,jute
54.64,75.29,58.68,41.611923,92.956465,7.796564,153.743234,papaya
10.8,81.9,21.63,27.444758,62.656187,5.747844,144.603172,pigeonpeas
88.7,36.04,41.5,31.017313,59.706212,6.750092,188.839994,coffee
90.58,13.45,61.92,24.087447,90.952453,6.988192,49.640395,watermelon
32.58,59.41,71.05,24.716151,16.910574,6.359914,77.300624,chickpea
83.78,34.39,54.74,22.172343,81.438719,6.881456,174.829758,rice
5.03,14.19,18.39,12.390872,92.23719,6.334522,116.372255,orange
10.45,63.82,24.8,30.093899,63.021848,6.154409,92.874819,blackgram
86.9,104.77,64.42,29.585838,79.905296,5.571223,92.211092,banana
88.58,25.02,49.33,33.932372,83.551983,6.120835,40.703106,watermelon
3.77,63.58,24.58,31.284766,53.421098,5.180344,143.337392,pigeonpeas
102.47,36.48,16.57,28.935086,83.282333,7.566293,78.441195,cotton
61.89,44.1,60.08,27.754352,91.633439,6.595115,152.826825,jute
84.4,18.73,28.47,27.229651,66.262956,6.066986,185.540327,coffee
23.16,50.7,25.21,30.077088,93.287332,6.642042,30.477489,mungbean
88.64,99.53,62.11,33.982358,80.84871,5.979121,149.991651,banana
1.62,49.83,24.82,30.363198,84.854025,7.242745,59.104095,mungbean
91.76,50.6,37.6,24.33979,81.481192,6.481594,193.883637,jute
16.42,131.27,216.21,12.500159,89.630803,5.55703,63.937803,grapes
10.4,40.2,37.02,33.021949,49.438749,5.150433,117.862196,mango
108.34,31.9,60.75,31.188674,96.012933,6.107676,26.34004,muskmelon
19.71,139.37,207.87,1.039314,91.571444,6.664598,103.334628,apple
130.08,38.92,24.3,24.436952,83.759747,6.967448,85.218604,cotton
92.57,30.81,54.61,31.883073,90.954354,6.729071,44.030392,watermelon
110.92,32.71,48.52,30.72639,60.372814,6.464919,198.079988,coffee
21.27,52.69,28.46,24.283299,68.220894,7.056556,31.726681,lentil
12.98,6.92,12.21,10.96519,91.737989,6.440011,121.527514,orange
86.54,43.36,22.49,19.763564,63.469908,6.328277,85.038307,maize
68.65,83.33,59.71,38.364305,90.979639,7.770911,171.047075,papaya
17.85,34.54,41.41,24.91216,88.772127,5.746321,172.178974,pomegranate
70.06,75.13,62.69,37.677631,94.433498,7.323241,151.458447,papaya
8.77,28.92,40.05,28.194331,55.376281,6.16836,94.829515,mango
38.16,88.75,29.51,17.294395,65.736723,7.259673,52.586574,lentil
64.02,74.35,56.13,39.281128,90.723478,7.109844,140.607174,papaya
113.08,52.32,23.93,28.383517,78.426081,7.412678,66.209544,cotton
17.8,57.57,17.35,17.767036,69.602569,7.112082,49.504887,lentil
127.22,55.72,19.99,25.315691,78.01394,6.653197,63.540988,cotton
12.52,19.57,33.33,29.415696,93.348837,7.086397,115.55126,pomegranate
1.53,23.83,30.64,34.784192,91.281848,6.06334,149.99269,coconut
72.82,69.28,16.0,24.854277,55.464552,6.100092,103.755381,maize
76.82,58.78,52.56,23.785996,82.845409,6.845495,185.264568,rice
91.14,58.75,64.32,26.002281,92.600397,6.097242,177.703126,jute
7.38,78.93,27.18,33.468067,54.726525,6.430205,49.203223,mothbeans
10.04,42.98,33.28,29.869639,58.564893,6.138224,104.557835,mango
14.45,118.63,217.62,22.093882,82.059408,5.857047,65.399775,grapes
130.18,44.71,18.45,25.735474,80.590706,6.667038,80.697618,cotton
3.97,20.5,37.76,30.625351,90.870308,6.962046,183.926823,coconut
77.32,41.08,24.4,19.030027,55.821582,5.8691,63.276522,maize
97.44,47.71,55.85,32.504458,92.186589,6.073913,22.244865,muskmelon
110.84,47.46,61.13,34.517345,91.991871,6.326881,29.472711,muskmelon
9.98,9.1,16.85,18.07378,95.895002,6.074352,112.836195,orange
22.39,52.23,28.61,25.050318,58.392016,6.047558,67.459796,mothbeans
23.28,38.04,26.4,30.189304,89.840742,6.539009,43.172927,mungbean
102.11,45.57,17.23,24.396995,81.549619,6.02282,89.072369,cotton
13.77,5.08,12.66,13.768745,95.546665,6.058336,101.456971,orange
35.91,23.34,25.52,34.75655,55.535665,5.863729,112.613709,mango
70.82,40.93,39.43,21.103282,81.477834,6.904191,215.685606,rice
68.1,56.26,20.52,27.529225,67.20121,5.88266,91.273908,maize
27.17,57.43,29.34,34.807575,59.781493,5.930425,121.999344,pigeonpeas
39.14,44.67,29.21,33.152641,46.153625,5.943604,85.036828,mango
8.07,82.02,84.71,23.913095,24.437274,6.195802,63.623162,chickpea
97.28,29.92,29.67,27.13188,67.220292,6.786199,174.597446,coffee
4.53,5.64,5.02,13.45512,92.53164,7.422906,101.343421,orange
10.45,38.76,28.94,29.422284,57.623829,6.352981,104.51494,mango
6.62,133.5,209.58,18.074682,87.161376,6.400392,62.713083,grapes
78.36,47.06,34.19,20.801711,86.68403,6.206644,234.785416,rice
89.4,70.41,51.79,27.561163,83.578535,5.593453,106.231176,banana
68.5,36.37,60.15,27.074042,78.250795,6.967771,186.886685,jute
84.22,77.91,50.66,29.964058,86.231268,5.780089,149.559108,banana
24.03,86.08,16.44,26.885601,46.532773,6.208268,198.659108,pigeonpeas
1.04,16.34,15.39,17.001758,91.266789,7.286958,111.314873,orange
30.98,75.24,95.29,22.10774,19.743376,6.925499,77.89571,chickpea
83.18,26.21,62.32,31.737465,81.236833,6.159907,47.84617,watermelon
23.75,51.03,15.53,22.817188,63.152477,7.156417,52.497665,lentil
70.37,58.29,61.26,27.58802,93.659699,7.358373,181.94662,jute
27.57,72.47,20.12,21.564304,73.373637,7.15238,48.07446,lentil
11.77,100.4,220.93,10.916425,95.515352,5.607738,121.256805,apple
93.76,30.8,46.35,31.37279,57.202622,6.181532,170.607332,coffee
21.67,56.38,29.68,32.447033,83.41757,6.713,47.663123,mungbean
4.29,61.84,22.91,18.606369,25.383157,5.685766,111.878845,kidneybeans
73.29,52.55,62.05,24.451159,92.301,7.436333,192.374685,jute
67.3,50.18,45.14,35.321673,94.915626,7.518628,166.160662,papaya
8.68,53.81,60.02,20.455565,22.461668,6.966933,61.285964,chickpea
15.1,26.23,9.82,12.738192,91.874542,6.075893,108.432251,orange
94.58,34.96,61.57,26.658492,85.143138,6.704924,55.558812,watermelon
95.86,48.4,49.41,29.056338,93.673336,6.907247,23.112792,muskmelon
86.71,43.88,14.13,19.386545,60.670415,6.512105,105.516346,maize
100.42,55.99,22.03,26.926726,77.361285,6.298633,78.851987,cotton
28.75,57.13,15.93,25.255016,56.992378,5.143129,193.338836,pigeonpeas
117.09,56.0,22.38,28.522385,83.071996,6.74388,75.180772,cotton
3.17,24.86,36.14,29.768671,91.928703,7.951537,177.773369,coconut
18.37,55.44,26.86,27.414891,92.373405,6.420301,53.274924,mungbean
21.5,75.53,17.09,21.422896,62.966507,7.34473,55.054845,lentil
81.02,37.51,48.3,29.494084,67.921301,6.825296,193.758153,coffee
16.96,51.11,20.5,28.300567,56.661833,4.269615,64.128756,mothbeans
80.67,62.9,64.94,26.913303,89.586284,6.791523,183.281367,jute
115.43,51.22,16.52,27.48978,77.526621,7.226575,62.659836,cotton
8.84,24.16,39.35,29.209386,95.063266,6.153978,157.925989,pomegranate
24.8,90.41,15.86,33.502837,62.215354,5.684538,165.900407,pigeonpeas
14.5,24.65,44.09,26.475858,96.224849,7.295296,176.151993,coconut
73.05,80.59,49.61,38.777332,96.001519,6.803521,153.584784,papaya
68.16,58.37,56.02,23.906762,91.656603,6.692683,177.192808,jute
8.51,28.44,29.05,27.219767,59.713546,5.147866,103.724332,mango
99.67,55.94,19.9,21.024803,73.950712,6.049503,96.925536,maize
80.25,40.31,54.31,26.962135,86.375116,7.256149,168.293431,jute
125.91,47.72,15.54,29.555799,79.116963,6.898906,73.680975,cotton
112.99,42.39,62.08,27.587099,87.92072,6.773347,42.73971,watermelon
1.13,80.14,19.24,30.967264,53.692084,6.846625,128.780901,pigeonpeas
113.15,21.96,44.47,26.284258,62.920229,6.320524,183.68005,coffee
0.72,23.72,46.51,33.427955,91.531648,7.148969,122.269102,pomegranate
98.28,26.73,43.44,27.582429,57.551307,6.320863,194.457764,coffee
18.68,42.93,19.3,26.360274,88.591817,6.669895,45.365593,mungbean
64.24,60.24,46.72,36.056152,95.222992,8.380266,152.263182,papaya
87.31,47.75,55.14,29.808403,94.720579,6.366406,58.860414,watermelon
22.52,96.36,19.5,26.148347,56.124369,5.691074,180.190683,pigeonpeas
91.95,38.43,50.65,29.969577,87.898936,6.247391,46.957624,watermelon
90.22,47.72,22.4,27.275049,66.947891,6.503421,62.6288,maize
23.67,32.73,32.3,32.646309,49.789933,4.50273,114.643847,mango
13.89,135.73,211.98,24.042806,92.037613,6.10031,79.016237,grapes
1.22,48.61,29.34,27.790098,93.510046,7.331522,38.494052,mungbean
78.33,43.87,12.28,24.322828,62.858548,6.882779,75.957825,maize
16.92,62.8,17.91,31.50799,68.776031,6.232297,95.426517,blackgram
14.43,117.03,222.94,11.844877,90.193529,6.727823,123.185723,apple
114.74,44.22,22.51,26.57186,77.009774,7.700817,70.204596,cotton
0.87,29.46,44.09,30.533528,91.239836,6.375807,135.014154,pomegranate
77.16,52.93,10.54,23.346008,74.87086,6.938061,62.019961,maize
0.7,23.03,17.72,15.144733,93.779477,6.505291,107.153896,orange
21.11,82.46,24.91,18.587367,70.920514,7.219459,37.876176,lentil
17.82,16.08,37.15,26.125296,90.755806,5.202064,149.387686,coconut
38.81,86.24,98.83,21.402588,14.859718,7.199578,84.55313,chickpea
0.65,68.1,93.71,19.59121,19.277784,7.456091,78.995073,chickpea
5.69,77.01,28.27,34.518324,66.417765,7.176091,93.129001,blackgram
39.93,77.16,15.92,30.95858,47.380483,5.48953,132.877991,pigeonpeas
68.49,54.09,21.0,26.783657,62.581054,6.275529,97.085821,maize
15.85,142.39,193.18,10.600118,94.611458,5.796783,61.578794,grapes
5.08,81.83,81.83,21.347965,23.888137,7.443608,88.193533,chickpea
111.26,19.97,61.42,29.771335,92.516315,6.401076,22.995104,muskmelon
35.57,87.65,18.29,17.800843,71.780063,7.494861,55.908002,lentil
28.48,72.54,79.82,17.44168,17.831035,7.2302,61.235713,chickpea
112.01,16.77,59.91,33.570269,91.225119,6.718087,27.137561,muskmelon
47.06,63.1,60.02,40.832041,93.637994,7.460623,166.275716,papaya
11.6,13.79,16.77,11.718311,91.516702,6.058041,118.26819,orange
24.58,74.76,21.76,26.647061,64.321231,6.764983,93.467249,blackgram
57.53,84.2,51.08,33.745489,96.945397,8.189967,163.101522,papaya
110.92,27.51,45.17,31.73039,66.126428,6.711733,174.45052,coffee
21.34,21.81,33.98,36.846939,52.330307,4.52206,89.701101,mango
19.57,13.0,15.07,16.77841,93.598206,6.342671,104.243723,orange
119.44,33.94,57.15,37.589622,95.824205,6.814243,23.395024,muskmelon
10.2,75.56,29.23,21.431768,24.881646,6.980417,152.491051,kidneybeans
10.75,115.08,217.47,18.872123,80.127571,6.490077,63.40324,grapes
59.33,76.99,49.18,40.594063,93.732008,7.43553,170.0549,papaya
6.41,76.64,22.51,21.313844,72.41089,6.836544,50.012843,lentil
1.54,142.95,201.03,5.314376,91.559899,5.627005,123.701404,apple
4.48,41.54,23.0,30.249221,92.205174,7.494191,33.216325,mungbean
91.44,33.84,43.51,22.595586,89.26765,6.465798,273.414242,rice
4.36,57.8,20.91,34.997149,84.700284,6.420786,43.263189,mungbean
7.35,7.21,16.24,10.213023,91.560743,6.079876,126.944451,orange
11.21,116.22,191.55,9.885863,82.089655,6.047254,72.146659,grapes
69.01,52.51,57.97,27.361406,93.330843,6.127463,186.302958,jute
13.96,137.5,217.51,14.655711,94.457988,5.981838,114.937828,apple
7.9,25.72,41.89,25.340739,90.486748,7.009601,159.999896,coconut
35.47,16.76,41.75,33.778644,50.399892,5.140878,84.192236,mango
98.3,44.9,34.58,26.200554,67.689647,6.41557,194.352484,coffee
10.18,25.39,19.13,17.217403,90.739123,6.97653,103.612996,orange
102.35,59.96,23.38,24.550428,82.256279,6.00138,76.734272,cotton
0.04,48.95,15.58,27.729398,93.937641,7.377594,36.452274,mungbean
39.91,66.65,23.78,34.669471,92.416208,6.478348,52.487887,mungbean
8.18,108.0,199.8,10.172847,83.187434,6.672894,70.996729,grapes
12.59,67.76,21.79,21.745455,18.710407,6.847563,115.198456,kidneybeans
26.65,64.63,17.12,28.661057,82.584009,6.044448,59.689755,mungbean
100.91,31.45,45.3,32.994695,94.366387,6.658706,23.321395,muskmelon
109.7,28.87,58.61,32.852941,94.615244,6.674143,27.094416,muskmelon
9.75,57.07,15.14,28.704496,64.773758,6.046734,84.849327,blackgram
5.96,103.52,191.11,23.620658,90.753031,6.437665,70.649856,grapes
43.1,84.71,59.5,35.290333,95.482804,7.344329,167.143211,papaya
17.7,33.18,43.16,34.300744,89.668018,7.076146,116.793624,pomegranate
89.11,37.03,46.0,31.899098,83.576558,6.451517,47.355062,watermelon
81.94,34.3,58.77,35.313375,91.570404,6.8685,26.902882,muskmelon
106.37,34.5,55.37,33.003264,91.071958,6.500604,20.599378,muskmelon
110.69,43.4,52.95,28.668038,93.387825,6.433781,21.969789,muskmelon
93.29,60.34,53.93,25.691807,93.280165,7.201896,194.12125,jute
13.39,108.16,209.65,14.710173,93.852168,6.468335,120.327264,apple
1.53,15.13,14.13,15.901951,91.270107,6.874417,110.490415,orange
92.86,38.77,64.32,27.93537,94.985892,6.63841,54.971828,watermelon
110.26,36.09,45.57,29.952907,58.813314,6.466237,184.731725,coffee
87.41,22.73,36.1,30.502898,55.878183,6.79517,177.534047,coffee
10.4,16.76,14.19,18.856266,92.111996,6.730453,100.10932,orange
85.65,81.05,58.12,29.790644,86.551388,6.845665,139.402355,banana
9.88,69.87,17.34,26.941017,73.188573,6.22205,60.750023,blackgram
12.0,110.23,190.62,9.286697,96.052185,5.598963,111.927136,apple
17.21,24.52,44.89,28.139088,96.614205,6.031066,177.207455,coconut
76.92,72.31,48.96,41.178356,92.720425,7.518293,144.077477,papaya
23.73,26.8,35.08,28.057076,47.515116,5.502753,116.59756,mango
103.8,96.33,61.71,27.060912,88.164522,6.192222,95.791417,banana
3.4,73.44,28.99,26.488078,55.396979,6.747504,68.80678,mothbeans
5.78,8.82,9.65,17.593117,96.018978,6.171667,118.65138,orange
45.8,56.18,51.36,40.906829,93.141063,7.836961,153.17747,papaya
119.99,49.09,17.66,27.743132,75.767651,6.417378,82.126456,cotton
88.71,54.22,59.96,22.074534,84.07942,5.705232,236.230789,rice
96.88,98.52,60.31,25.948812,87.779934,6.585958,110.357675,banana
7.43,47.64,24.12,25.955959,61.107511,4.234162,42.733943,mothbeans
0.22,81.17,29.95,21.229527,65.82388,6.892752,32.882314,lentil
85.73,17.73,58.66,37.335516,94.03399,6.567813,26.466817,muskmelon
6.06,16.67,29.56,34.924137,91.144122,7.549811,157.607987,coconut
92.82,95.16,63.26,28.577956,87.900357,6.877542,91.262633,banana
6.14,52.53,67.8,21.548558,24.036937,6.574438,85.039582,chickpea
14.42,89.14,18.09,19.679959,21.473233,5.549404,113.51784,kidneybeans
2.65,54.66,24.24,21.855774,74.586933,6.874549,31.952329,lentil
5.41,55.85,16.55,23.74011,20.162698,5.82495,141.513106,kidneybeans
109.29,31.97,26.14,29.038179,55.099136,6.926408,167.028732,coffee
85.23,105.36,59.1,31.925535,80.614513,6.015862,90.338369,banana
97.62,12.17,52.93,37.002522,95.634628,6.927424,21.528316,muskmelon
7.87,21.37,40.46,22.81033,89.663542,6.27889,103.457166,pomegranate
12.18,132.18,209.63,2.712168,95.929361,6.741959,110.490564,apple
10.21,20.82,33.67,29.270321,95.471897,5.90305,169.821507,coconut
2.36,62.15,21.32,18.438174,66.311008,6.57113,33.396518,lentil
40.17,62.48,59.08,36.758407,93.281585,7.417598,147.074704,papaya
36.76,70.21,24.14,25.893877,55.693623,6.178818,55.625715,mothbeans
6.98,77.95,22.96,26.78246,69.689214,6.287884,62.541334,blackgram
9.36,7.7,39.41,34.614682,95.450897,6.872609,168.866552,coconut
17.8,52.52,98.75,19.485233,16.082998,6.072095,98.574928,chickpea
74.38,56.35,47.2,23.720318,87.217049,6.783915,199.091942,jute
65.16,59.98,55.19,36.616887,92.956449,8.458649,149.750685,papaya
29.18,89.94,24.97,25.617087,25.93789,6.130244,148.834941,kidneybeans
27.36,81.47,20.48,31.972823,56.885889,5.415274,156.313554,pigeonpeas
19.55,7.69,16.94,10.115687,93.405593,6.230104,117.965851,orange
21.19,85.33,23.63,18.837984,24.599678,5.762467,145.88872,kidneybeans
6.71,112.06,214.43,11.389938,93.192019,6.217044,103.960956,apple
10.34,27.58,36.08,27.441908,56.546883,5.308659,91.303843,mango
114.49,25.36,48.99,32.679472,91.786386,6.235821,25.732618,muskmelon
93.43,36.76,58.76,26.602642,92.893046,7.350664,188.876278,jute
37.57,19.7,27.55,31.129435,46.884168,6.951072,96.972175,mango
105.29,14.82,58.09,28.594984,90.771546,6.052192,51.10166,watermelon
62.18,48.49,31.27,26.18902,87.095783,5.759692,163.758151,rice
61.79,58.21,39.41,26.491311,82.433249,7.06169,160.691212,jute
14.67,17.5,41.55,36.396529,54.988767,6.911354,117.364457,mango
35.16,70.15,25.19,32.56547,51.562016,6.643281,169.187966,pigeonpeas
29.78,72.64,28.9,21.549833,22.089193,5.658914,113.546512,kidneybeans
1.69,76.06,23.74,27.981223,61.041248,7.085114,89.949501,blackgram
24.27,61.08,15.02,34.618157,68.244436,6.897649,83.995657,blackgram
95.65,71.82,51.67,34.615332,82.612569,6.733967,97.755957,banana
30.93,63.05,28.78,22.865637,72.070629,7.220962,40.753669,lentil
6.01,91.54,15.78,22.298839,24.977013,6.497821,141.112877,kidneybeans
107.16,91.25,61.13,33.9638,80.740658,6.535038,103.793249,banana
9.4,133.69,223.7,14.459951,85.258998,6.415773,65.625072,grapes
3.22,87.72,27.96,26.432988,50.766371,5.390059,102.685578,pigeonpeas
16.58,86.15,27.59,17.460988,69.241309,7.272267,46.514717,lentil
11.3,26.14,34.33,29.366934,91.240949,7.047225,136.156993,pomegranate
133.09,38.39,24.1,25.512159,79.252572,7.788907,86.888894,cotton
3.77,84.69,88.31,23.640153,24.734873,7.184309,97.735294,chickpea
87.45,59.58,24.88,27.994219,65.329188,5.642799,96.392165,maize
8.38,114.28,215.87,3.233767,91.794008,6.903863,102.447691,apple
12.96,74.45,26.23,31.679239,73.806007,6.611887,75.586847,blackgram
7.32,102.35,195.99,9.248305,95.425701,6.634073,117.510448,apple
26.51,43.64,28.75,33.188099,57.433183,5.772561,94.486947,mango
110.55,99.13,57.02,30.584812,86.020552,6.99889,124.713135,banana
16.32,102.33,213.53,2.350813,93.027987,6.788637,102.832586,apple
106.74,47.81,18.23,25.751124,78.155318,6.007967,80.649866,cotton
60.71,33.27,54.88,25.57772,82.326407,6.296154,240.902373,rice
25.84,78.52,27.26,34.278382,69.015008,6.535963,77.716563,blackgram
101.79,32.59,52.19,36.284726,91.848095,6.492241,25.601745,muskmelon
91.94,25.07,64.87,25.938444,81.154523,6.589755,40.48534,watermelon
113.65,20.4,43.99,27.533955,63.489609,6.892964,182.22588,coffee
118.16,27.69,55.48,30.575523,84.125563,6.674471,53.971239,watermelon
64.01,45.18,46.17,27.417127,83.311242,6.897705,193.738949,jute
20.21,73.31,75.8,23.295131,24.044691,5.99345,89.460929,chickpea
65.0,46.96,55.99,24.69447,88.791959,7.207786,193.878896,jute
8.2,62.25,16.59,31.144275,90.954176,7.126622,35.701827,mungbean
6.71,121.0,202.62,9.996087,83.110194,5.536842,61.861543,grapes
78.02,60.17,36.43,25.348614,90.741507,7.012083,192.641277,jute
30.94,64.02,26.0,30.578867,90.6903,7.022084,37.030999,mungbean
9.4,127.22,220.74,12.706708,95.349945,6.111541,104.267478,apple
12.97,124.73,220.62,8.276678,91.609982,5.533988,66.085797,grapes
3.89,5.28,30.14,29.349709,91.596368,6.542108,172.635531,coconut
19.88,50.54,20.14,31.140118,54.963154,3.826264,42.191238,mothbeans
91.47,49.92,23.18,21.730606,66.301558,5.905513,68.029416,maize
6.48,12.04,33.31,33.949093,90.947593,5.974294,135.384034,coconut
11.17,10.45,51.53,29.67959,93.191603,6.487842,161.840244,pomegranate
67.79,41.98,53.56,23.386842,75.680953,6.09602,156.163182,jute
80.35,109.25,63.05,25.280526,75.27199,6.050454,105.512278,banana
3.42,69.01,15.19,29.340356,59.153618,6.602698,160.43073,pigeonpeas
9.44,74.01,28.73,29.059444,66.075401,7.068722,85.076881,blackgram
80.83,43.17,30.65,25.784043,88.961608,5.710374,233.105422,rice
23.61,61.59,26.22,28.548019,45.259867,5.561177,133.060055,pigeonpeas
13.97,22.49,39.86,36.491302,51.886854,4.521512,107.525973,mango
7.06,38.26,52.15,28.811342,90.230372,6.402135,105.878966,pomegranate
5.59,125.62,198.41,24.087362,92.902552,5.932064,70.57629,grapes
2.37,116.8,222.69,14.236357,95.375096,5.806646,105.833496,apple
7.56,57.14,26.69,25.85999,62.861414,6.683296,97.207277,blackgram
14.74,17.24,10.11,11.665548,92.029724,7.145743,112.282022,orange
90.59,66.3,23.52,27.845686,74.647334,6.929499,63.591107,maize
97.66,18.36,37.68,30.687393,61.449364,6.758428,186.748665,coffee
109.04,41.03,56.31,30.550464,93.652193,6.014958,26.818009,muskmelon
39.8,53.94,20.77,19.626356,20.169084,5.93121,110.472228,kidneybeans
9.14,131.0,210.89,23.117291,81.004825,6.024397,79.709883,grapes
2.87,76.47,20.08,27.280794,48.775578,6.526823,195.154219,pigeonpeas
104.02,44.4,37.13,25.275719,67.291377,6.221294,162.930746,coffee
8.65,13.95,17.24,17.570603,92.793,6.512058,101.16664,orange
98.03,100.86,52.36,31.325085,82.675533,6.987894,100.432352,banana
39.39,19.23,33.22,35.733738,58.507211,6.950955,115.393904,mango
0.67,137.57,220.0,23.583907,87.172542,6.681634,63.901608,grapes
39.16,85.73,16.99,24.027062,72.579557,7.371086,34.550569,lentil
